<metadata xml:lang="en"><Esri><CreaDate>20170511</CreaDate><CreaTime>09555600</CreaTime><ArcGISFormat>1.0</ArcGISFormat><SyncOnce>FALSE</SyncOnce><DataProperties><itemProps><itemName Sync="TRUE">AC_1M_LimitesPolygones</itemName><imsContentType Sync="TRUE">002</imsContentType><itemLocation><linkage Sync="TRUE">file://\\W-BSC-A121798\C$\Users\vdohar\Projects\Atlas\Geogratis Outputs\Data\LG\AC_1M_LimitesPolygones.shp</linkage><protocol Sync="TRUE">Local Area Network</protocol></itemLocation><itemSize Sync="TRUE">0.000</itemSize></itemProps><coordRef><type Sync="TRUE">Projected</type><geogcsn Sync="TRUE">GCS_North_American_1983</geogcsn><csUnits Sync="TRUE">Linear Unit: Meter (1.000000)</csUnits><projcsn Sync="TRUE">NAD_1983_Canada_Atlas_Lambert</projcsn><peXml Sync="TRUE">&lt;ProjectedCoordinateSystem xsi:type='typens:ProjectedCoordinateSystem' xmlns:xsi='http://www.w3.org/2001/XMLSchema-instance' xmlns:xs='http://www.w3.org/2001/XMLSchema' xmlns:typens='http://www.esri.com/schemas/ArcGIS/10.3'&gt;&lt;WKT&gt;PROJCS[&amp;quot;NAD_1983_Canada_Atlas_Lambert&amp;quot;,GEOGCS[&amp;quot;GCS_North_American_1983&amp;quot;,DATUM[&amp;quot;D_North_American_1983&amp;quot;,SPHEROID[&amp;quot;GRS_1980&amp;quot;,6378137.0,298.257222101]],PRIMEM[&amp;quot;Greenwich&amp;quot;,0.0],UNIT[&amp;quot;Degree&amp;quot;,0.0174532925199433]],PROJECTION[&amp;quot;Lambert_Conformal_Conic&amp;quot;],PARAMETER[&amp;quot;False_Easting&amp;quot;,0.0],PARAMETER[&amp;quot;False_Northing&amp;quot;,0.0],PARAMETER[&amp;quot;Central_Meridian&amp;quot;,-95.0],PARAMETER[&amp;quot;Standard_Parallel_1&amp;quot;,49.0],PARAMETER[&amp;quot;Standard_Parallel_2&amp;quot;,77.0],PARAMETER[&amp;quot;Latitude_Of_Origin&amp;quot;,49.0],UNIT[&amp;quot;Meter&amp;quot;,1.0],AUTHORITY[&amp;quot;EPSG&amp;quot;,3978]]&lt;/WKT&gt;&lt;XOrigin&gt;-34655800&lt;/XOrigin&gt;&lt;YOrigin&gt;-30001600&lt;/YOrigin&gt;&lt;XYScale&gt;129952262.74881823&lt;/XYScale&gt;&lt;ZOrigin&gt;-100000&lt;/ZOrigin&gt;&lt;ZScale&gt;10000&lt;/ZScale&gt;&lt;MOrigin&gt;-100000&lt;/MOrigin&gt;&lt;MScale&gt;10000&lt;/MScale&gt;&lt;XYTolerance&gt;0.001&lt;/XYTolerance&gt;&lt;ZTolerance&gt;0.001&lt;/ZTolerance&gt;&lt;MTolerance&gt;0.001&lt;/MTolerance&gt;&lt;HighPrecision&gt;true&lt;/HighPrecision&gt;&lt;WKID&gt;3978&lt;/WKID&gt;&lt;LatestWKID&gt;3978&lt;/LatestWKID&gt;&lt;/ProjectedCoordinateSystem&gt;</peXml></coordRef><lineage><Process ToolSource="c:\program files (x86)\arcgis\desktop10.3\ArcToolbox\Toolboxes\Analysis Tools.tbx\Select" Date="20170511" Time="095557">Select in_memory\CombinedPolys "C:\Users\vdohar\Projects\Atlas\Geogratis Outputs\Data\LG\AC_1M_LimitesPolygones.gdb\AC_1M_LimitesPolygones" "COUNTRY &lt;&gt; -9"</Process><Process ToolSource="c:\program files (x86)\arcgis\desktop10.3\ArcToolbox\Toolboxes\Data Management Tools.tbx\DeleteField" Date="20170511" Time="095604">DeleteField "C:\Users\vdohar\Projects\Atlas\Geogratis Outputs\Data/LG/AC_1M_LimitesPolygones.gdb\AC_1M_LimitesPolygones" TYPE;FEATLEVEL;ISLAND_GUID;ISLAND_ID;EDITOR;EDIT_DATE;CREATOR;CREATE_DATE;CGNS;NAME;NOM;NAME_OTHER;ORIG_FID;REVIEW_STATUS</Process><Process ToolSource="c:\program files (x86)\arcgis\desktop10.3\ArcToolbox\Toolboxes\Data Management Tools.tbx\RemoveDomainFromField" Date="20170511" Time="095605">RemoveDomainFromField "C:\Users\vdohar\Projects\Atlas\Geogratis Outputs\Data/LG/AC_1M_LimitesPolygones.gdb\AC_1M_LimitesPolygones" POLITICALDIV #</Process><Process ToolSource="c:\program files (x86)\arcgis\desktop10.3\ArcToolbox\Toolboxes\Data Management Tools.tbx\RemoveDomainFromField" Date="20170511" Time="095606">RemoveDomainFromField "C:\Users\vdohar\Projects\Atlas\Geogratis Outputs\Data/LG/AC_1M_LimitesPolygones.gdb\AC_1M_LimitesPolygones" COUNTRY #</Process><Process ToolSource="c:\program files (x86)\arcgis\desktop10.3\ArcToolbox\Toolboxes\Data Management Tools.tbx\AddField" Date="20170511" Time="095607">AddField "C:\Users\vdohar\Projects\Atlas\Geogratis Outputs\Data/LG/AC_1M_LimitesPolygones.gdb/AC_1M_LimitesPolygones" PAYS SHORT # # 2 PAYS NULLABLE NON_REQUIRED #</Process><Process ToolSource="c:\program files (x86)\arcgis\desktop10.3\ArcToolbox\Toolboxes\Data Management Tools.tbx\CalculateField" Date="20170511" Time="095609">CalculateField "C:\Users\vdohar\Projects\Atlas\Geogratis Outputs\Data/LG/AC_1M_LimitesPolygones.gdb/AC_1M_LimitesPolygones" PAYS [COUNTRY] VB #</Process><Process ToolSource="c:\program files (x86)\arcgis\desktop10.3\ArcToolbox\Toolboxes\Data Management Tools.tbx\DeleteField" Date="20170511" Time="095610">DeleteField "C:\Users\vdohar\Projects\Atlas\Geogratis Outputs\Data/LG/AC_1M_LimitesPolygones.gdb/AC_1M_LimitesPolygones" COUNTRY</Process><Process ToolSource="c:\program files (x86)\arcgis\desktop10.3\ArcToolbox\Toolboxes\Data Management Tools.tbx\AddField" Date="20170511" Time="095611">AddField "C:\Users\vdohar\Projects\Atlas\Geogratis Outputs\Data/LG/AC_1M_LimitesPolygones.gdb/AC_1M_LimitesPolygones" DIV_POL SHORT # # 2 DIV_POL NULLABLE NON_REQUIRED #</Process><Process ToolSource="c:\program files (x86)\arcgis\desktop10.3\ArcToolbox\Toolboxes\Data Management Tools.tbx\CalculateField" Date="20170511" Time="095613">CalculateField "C:\Users\vdohar\Projects\Atlas\Geogratis Outputs\Data/LG/AC_1M_LimitesPolygones.gdb/AC_1M_LimitesPolygones" DIV_POL [POLITICALDIV] VB #</Process><Process ToolSource="c:\program files (x86)\arcgis\desktop10.3\ArcToolbox\Toolboxes\Data Management Tools.tbx\DeleteField" Date="20170511" Time="095614">DeleteField "C:\Users\vdohar\Projects\Atlas\Geogratis Outputs\Data/LG/AC_1M_LimitesPolygones.gdb/AC_1M_LimitesPolygones" POLITICALDIV</Process><Process ToolSource="c:\program files (x86)\arcgis\desktop10.3\ArcToolbox\Toolboxes\Data Management Tools.tbx\AssignDomainToField" Date="20170511" Time="095628">AssignDomainToField "C:\Users\vdohar\Projects\Atlas\Geogratis Outputs\Data/LG/AC_1M_LimitesPolygones.gdb\AC_1M_LimitesPolygones" SELECTION SelectionLarge #</Process><Process ToolSource="c:\program files (x86)\arcgis\desktop10.3\ArcToolbox\Toolboxes\Data Management Tools.tbx\AssignDomainToField" Date="20170511" Time="095630">AssignDomainToField "C:\Users\vdohar\Projects\Atlas\Geogratis Outputs\Data/LG/AC_1M_LimitesPolygones.gdb\AC_1M_LimitesPolygones" DIV_POL PoliticalDiv #</Process><Process ToolSource="c:\program files (x86)\arcgis\desktop10.3\ArcToolbox\Toolboxes\Data Management Tools.tbx\AssignDomainToField" Date="20170511" Time="095632">AssignDomainToField "C:\Users\vdohar\Projects\Atlas\Geogratis Outputs\Data/LG/AC_1M_LimitesPolygones.gdb\AC_1M_LimitesPolygones" PAYS Country #</Process><Process ToolSource="c:\program files (x86)\arcgis\desktop10.3\ArcToolbox\Toolboxes\Conversion Tools.tbx\FeatureClassToFeatureClass" Date="20170511" Time="095636">FeatureClassToFeatureClass "C:\Users\vdohar\Projects\Atlas\Geogratis Outputs\Data/LG/AC_1M_LimitesPolygones.gdb/AC_1M_LimitesPolygones" "C:\Users\vdohar\Projects\Atlas\Geogratis Outputs\Data/LG" AC_1M_LimitesPolygones.shp # "SELECTION "SELECTION" true true false 2 Short 0 0 ,First,#,C:\Users\vdohar\Projects\Atlas\Geogratis Outputs\Data/LG/AC_1M_LimitesPolygones.gdb/AC_1M_LimitesPolygones,SELECTION,-1,-1;Shape_Leng "Shape_Leng" false true true 8 Double 0 0 ,First,#,C:\Users\vdohar\Projects\Atlas\Geogratis Outputs\Data/LG/AC_1M_LimitesPolygones.gdb/AC_1M_LimitesPolygones,Shape_Length,-1,-1;Shape_Area "Shape_Area" false true true 8 Double 0 0 ,First,#,C:\Users\vdohar\Projects\Atlas\Geogratis Outputs\Data/LG/AC_1M_LimitesPolygones.gdb/AC_1M_LimitesPolygones,Shape_Area,-1,-1;PAYS "PAYS" true true false 2 Short 0 0 ,First,#,C:\Users\vdohar\Projects\Atlas\Geogratis Outputs\Data/LG/AC_1M_LimitesPolygones.gdb/AC_1M_LimitesPolygones,PAYS,-1,-1;DIV_POL "DIV_POL" true true false 2 Short 0 0 ,First,#,C:\Users\vdohar\Projects\Atlas\Geogratis Outputs\Data/LG/AC_1M_LimitesPolygones.gdb/AC_1M_LimitesPolygones,DIV_POL,-1,-1" #</Process><Process ToolSource="c:\program files (x86)\arcgis\desktop10.3\ArcToolbox\Toolboxes\Data Management Tools.tbx\DeleteField" Date="20170511" Time="095637">DeleteField "C:\Users\vdohar\Projects\Atlas\Geogratis Outputs\Data/LG\AC_1M_LimitesPolygones.shp" SELECTION;PAYS;DIV_POL</Process><Process ToolSource="c:\program files (x86)\arcgis\desktop10.3\ArcToolbox\Toolboxes\Data Management Tools.tbx\AddField" Date="20170511" Time="095637">AddField "C:\Users\vdohar\Projects\Atlas\Geogratis Outputs\Data/LG/AC_1M_LimitesPolygones.shp" SELECTION TEXT # # 254 SELECTION NON_NULLABLE NON_REQUIRED #</Process><Process ToolSource="c:\program files (x86)\arcgis\desktop10.3\ArcToolbox\Toolboxes\Data Management Tools.tbx\CalculateField" Date="20170511" Time="095639">CalculateField "C:\Users\vdohar\Projects\Atlas\Geogratis Outputs\Data/LG/AC_1M_LimitesPolygones.shp" SELECTION [d_SELECTIO] VB #</Process><Process ToolSource="c:\program files (x86)\arcgis\desktop10.3\ArcToolbox\Toolboxes\Data Management Tools.tbx\DeleteField" Date="20170511" Time="095639">DeleteField "C:\Users\vdohar\Projects\Atlas\Geogratis Outputs\Data/LG/AC_1M_LimitesPolygones.shp" d_SELECTIO</Process><Process ToolSource="c:\program files (x86)\arcgis\desktop10.3\ArcToolbox\Toolboxes\Data Management Tools.tbx\AddField" Date="20170511" Time="095639">AddField "C:\Users\vdohar\Projects\Atlas\Geogratis Outputs\Data/LG/AC_1M_LimitesPolygones.shp" PAYS TEXT # # 254 PAYS NON_NULLABLE NON_REQUIRED #</Process><Process ToolSource="c:\program files (x86)\arcgis\desktop10.3\ArcToolbox\Toolboxes\Data Management Tools.tbx\CalculateField" Date="20170511" Time="095641">CalculateField "C:\Users\vdohar\Projects\Atlas\Geogratis Outputs\Data/LG/AC_1M_LimitesPolygones.shp" PAYS [d_PAYS] VB #</Process><Process ToolSource="c:\program files (x86)\arcgis\desktop10.3\ArcToolbox\Toolboxes\Data Management Tools.tbx\DeleteField" Date="20170511" Time="095642">DeleteField "C:\Users\vdohar\Projects\Atlas\Geogratis Outputs\Data/LG/AC_1M_LimitesPolygones.shp" d_PAYS</Process><Process ToolSource="c:\program files (x86)\arcgis\desktop10.3\ArcToolbox\Toolboxes\Data Management Tools.tbx\AddField" Date="20170511" Time="095642">AddField "C:\Users\vdohar\Projects\Atlas\Geogratis Outputs\Data/LG/AC_1M_LimitesPolygones.shp" DIV_POL TEXT # # 254 DIV_POL NON_NULLABLE NON_REQUIRED #</Process><Process ToolSource="c:\program files (x86)\arcgis\desktop10.3\ArcToolbox\Toolboxes\Data Management Tools.tbx\CalculateField" Date="20170511" Time="095644">CalculateField "C:\Users\vdohar\Projects\Atlas\Geogratis Outputs\Data/LG/AC_1M_LimitesPolygones.shp" DIV_POL [d_DIV_POL] VB #</Process><Process ToolSource="c:\program files (x86)\arcgis\desktop10.3\ArcToolbox\Toolboxes\Data Management Tools.tbx\DeleteField" Date="20170511" Time="095644">DeleteField "C:\Users\vdohar\Projects\Atlas\Geogratis Outputs\Data/LG/AC_1M_LimitesPolygones.shp" d_DIV_POL</Process></lineage></DataProperties><SyncDate>20170511</SyncDate><SyncTime>09563300</SyncTime><ModDate>20170511</ModDate><ModTime>09563300</ModTime></Esri><dataIdInfo><envirDesc Sync="TRUE">Microsoft Windows 7 Version 6.1 (Build 7601) Service Pack 1; Esri ArcGIS 10.3.1.4959</envirDesc><dataLang><languageCode value="eng" Sync="TRUE"></languageCode><countryCode value="CAN" Sync="TRUE"></countryCode></dataLang><idCitation><resTitle Sync="TRUE">AC_1M_LimitesPolygones</resTitle><presForm><PresFormCd value="005" Sync="TRUE"></PresFormCd></presForm></idCitation><spatRpType><SpatRepTypCd value="001" Sync="TRUE"></SpatRepTypCd></spatRpType></dataIdInfo><mdLang><languageCode value="eng" Sync="TRUE"></languageCode><countryCode value="CAN" Sync="TRUE"></countryCode></mdLang><mdChar><CharSetCd value="004" Sync="TRUE"></CharSetCd></mdChar><distInfo><distFormat><formatName Sync="TRUE">Shapefile</formatName></distFormat><distTranOps><transSize Sync="TRUE">0.000</transSize></distTranOps></distInfo><mdHrLv><ScopeCd value="005" Sync="TRUE"></ScopeCd></mdHrLv><mdHrLvName Sync="TRUE">dataset</mdHrLvName><refSysInfo><RefSystem><refSysID><identCode code="3978" Sync="TRUE"></identCode><idCodeSpace Sync="TRUE">EPSG</idCodeSpace><idVersion Sync="TRUE">8.6.2</idVersion></refSysID></RefSystem></refSysInfo><spatRepInfo><VectSpatRep><geometObjs Name="AC_1M_LimitesPolygones"><geoObjTyp><GeoObjTypCd value="002" Sync="TRUE"></GeoObjTypCd></geoObjTyp><geoObjCnt Sync="TRUE">0</geoObjCnt></geometObjs><topLvl><TopoLevCd value="001" Sync="TRUE"></TopoLevCd></topLvl></VectSpatRep></spatRepInfo><spdoinfo><ptvctinf><esriterm Name="AC_1M_LimitesPolygones"><efeatyp Sync="TRUE">Simple</efeatyp><efeageom code="4" Sync="TRUE"></efeageom><esritopo Sync="TRUE">FALSE</esritopo><efeacnt Sync="TRUE">0</efeacnt><spindex Sync="TRUE">FALSE</spindex><linrefer Sync="TRUE">FALSE</linrefer></esriterm></ptvctinf></spdoinfo><eainfo><detailed Name="AC_1M_LimitesPolygones"><enttyp><enttypl Sync="TRUE">AC_1M_LimitesPolygones</enttypl><enttypt Sync="TRUE">Feature Class</enttypt><enttypc Sync="TRUE">0</enttypc></enttyp><attr><attrlabl Sync="TRUE">FID</attrlabl><attalias Sync="TRUE">FID</attalias><attrtype Sync="TRUE">OID</attrtype><attwidth Sync="TRUE">4</attwidth><atprecis Sync="TRUE">0</atprecis><attscale Sync="TRUE">0</attscale><attrdef Sync="TRUE">Internal feature number.</attrdef><attrdefs Sync="TRUE">Esri</attrdefs><attrdomv><udom Sync="TRUE">Sequential unique whole numbers that are automatically generated.</udom></attrdomv></attr><attr><attrlabl Sync="TRUE">Shape</attrlabl><attalias Sync="TRUE">Shape</attalias><attrtype Sync="TRUE">Geometry</attrtype><attwidth Sync="TRUE">0</attwidth><atprecis Sync="TRUE">0</atprecis><attscale Sync="TRUE">0</attscale><attrdef Sync="TRUE">Feature geometry.</attrdef><attrdefs Sync="TRUE">Esri</attrdefs><attrdomv><udom Sync="TRUE">Coordinates defining the features.</udom></attrdomv></attr><attr><attrlabl Sync="TRUE">SELECTION</attrlabl><attalias Sync="TRUE">SELECTION</attalias><attrtype Sync="TRUE">SmallInteger</attrtype><attwidth Sync="TRUE">5</attwidth><atprecis Sync="TRUE">5</atprecis><attscale Sync="TRUE">0</attscale></attr><attr><attrlabl Sync="TRUE">Shape_Leng</attrlabl><attalias Sync="TRUE">Shape_Leng</attalias><attrtype Sync="TRUE">Double</attrtype><attwidth Sync="TRUE">19</attwidth><atprecis Sync="TRUE">0</atprecis><attscale Sync="TRUE">0</attscale></attr><attr><attrlabl Sync="TRUE">Shape_Area</attrlabl><attalias Sync="TRUE">Shape_Area</attalias><attrtype Sync="TRUE">Double</attrtype><attwidth Sync="TRUE">19</attwidth><atprecis Sync="TRUE">0</atprecis><attscale Sync="TRUE">0</attscale><attrdef Sync="TRUE">Area of feature in internal units squared.</attrdef><attrdefs Sync="TRUE">Esri</attrdefs><attrdomv><udom Sync="TRUE">Positive real numbers that are automatically generated.</udom></attrdomv></attr><attr><attrlabl Sync="TRUE">PAYS</attrlabl><attalias Sync="TRUE">PAYS</attalias><attrtype Sync="TRUE">SmallInteger</attrtype><attwidth Sync="TRUE">5</attwidth><atprecis Sync="TRUE">5</atprecis><attscale Sync="TRUE">0</attscale></attr><attr><attrlabl Sync="TRUE">DIV_POL</attrlabl><attalias Sync="TRUE">DIV_POL</attalias><attrtype Sync="TRUE">SmallInteger</attrtype><attwidth Sync="TRUE">5</attwidth><atprecis Sync="TRUE">5</atprecis><attscale Sync="TRUE">0</attscale></attr><attr><attrlabl Sync="TRUE">d_SELECTIO</attrlabl><attalias Sync="TRUE">d_SELECTIO</attalias><attrtype Sync="TRUE">String</attrtype><attwidth Sync="TRUE">254</attwidth><atprecis Sync="TRUE">0</atprecis><attscale Sync="TRUE">0</attscale></attr><attr><attrlabl Sync="TRUE">d_PAYS</attrlabl><attalias Sync="TRUE">d_PAYS</attalias><attrtype Sync="TRUE">String</attrtype><attwidth Sync="TRUE">254</attwidth><atprecis Sync="TRUE">0</atprecis><attscale Sync="TRUE">0</attscale></attr><attr><attrlabl Sync="TRUE">d_DIV_POL</attrlabl><attalias Sync="TRUE">d_DIV_POL</attalias><attrtype Sync="TRUE">String</attrtype><attwidth Sync="TRUE">254</attwidth><atprecis Sync="TRUE">0</atprecis><attscale Sync="TRUE">0</attscale></attr></detailed></eainfo><mdDateSt Sync="TRUE">20170511</mdDateSt></metadata>
