<metadata xml:lang="en"><Esri><CreaDate>20160930</CreaDate><CreaTime>14345200</CreaTime><ArcGISFormat>1.0</ArcGISFormat><SyncOnce>FALSE</SyncOnce><DataProperties><lineage><Process ToolSource="c:\program files (x86)\arcgis\desktop10.1\ArcToolbox\Toolboxes\Data Management Tools.tbx\CreateFeatureclass" Date="20130403" Time="132642">CreateFeatureclass "Database Connections\MULTI@MULTI@MIBINT2.sde" Box POLYGON 'Database Connections\MULTI@MULTI@MIBINT2.sde\MULTI.BoxSource' DISABLED DISABLED "PROJCS['NAD_1983_Canada_Atlas_Lambert',GEOGCS['GCS_North_American_1983',DATUM['D_North_American_1983',SPHEROID['GRS_1980',6378137.0,298.257222101]],PRIMEM['Greenwich',0.0],UNIT['Degree',0.0174532925199433]],PROJECTION['Lambert_Conformal_Conic'],PARAMETER['False_Easting',0.0],PARAMETER['False_Northing',0.0],PARAMETER['Central_Meridian',-95.0],PARAMETER['Standard_Parallel_1',49.0],PARAMETER['Standard_Parallel_2',77.0],PARAMETER['Latitude_Of_Origin',49.0],UNIT['Meter',1.0]];-34655800 -30001600 10000;-100000 10000;-100000 10000;0.001;0.001;0.001;IsHighPrecision" ATLAS_VECTORS 0 0 0</Process><Process ToolSource="c:\program files (x86)\arcgis\desktop10.1\ArcToolbox\Toolboxes\Data Management Tools.tbx\DeleteField" Date="20130403" Time="132948">DeleteField "Database Connections\MULTI@MULTI@MIBINT2.sde\MULTI.Box" NAME</Process><Process ToolSource="c:\program files (x86)\arcgis\desktop10.1\ArcToolbox\Toolboxes\Data Management Tools.tbx\EnableEditorTracking" Date="20130403" Time="134550">EnableEditorTracking "Database Connections\MULTI@MULTI@MIBINT2.sde\MULTI.Box" CREATOR CREATE_DATE EDITOR EDIT_DATE NO_ADD_FIELDS DATABASE_TIME</Process><Process ToolSource="c:\program files (x86)\arcgis\desktop10.1\ArcToolbox\Toolboxes\Data Management Tools.tbx\ChangePrivileges" Date="20130404" Time="150704">ChangePrivileges 'Database Connections\MULTI@MULTI@MIBINT2.sde\MULTI.Box';'Database Connections\MULTI@MULTI@MIBINT2.sde\MULTI.EcoDistrict';'Database Connections\MULTI@MULTI@MIBINT2.sde\MULTI.GeologicalProvince';'Database Connections\MULTI@MULTI@MIBINT2.sde\MULTI.Graticule';'Database Connections\MULTI@MULTI@MIBINT2.sde\MULTI.InternationalDateLine';'Database Connections\MULTI@MULTI@MIBINT2.sde\MULTI.MagneticNorthPole';'Database Connections\MULTI@MULTI@MIBINT2.sde\MULTI.NTSIndex1M';'Database Connections\MULTI@MULTI@MIBINT2.sde\MULTI.NTSIndex250K';'Database Connections\MULTI@MULTI@MIBINT2.sde\MULTI.NTSIndex50K';'Database Connections\MULTI@MULTI@MIBINT2.sde\MULTI.Permafrost';'Database Connections\MULTI@MULTI@MIBINT2.sde\MULTI.PermaIce';'Database Connections\MULTI@MULTI@MIBINT2.sde\MULTI.PhysicalILBL';'Database Connections\MULTI@MULTI@MIBINT2.sde\MULTI.PoliticalILBL';'Database Connections\MULTI@MULTI@MIBINT2.sde\MULTI.TreeLine';'Database Connections\MULTI@MULTI@MIBINT2.sde\MULTI.World';'Database Connections\MULTI@MULTI@MIBINT2.sde\MULTI.WorldClipped';'Database Connections\MULTI@MULTI@MIBINT2.sde\MULTI.WorldCoast';'Database Connections\MULTI@MULTI@MIBINT2.sde\MULTI.WorldCoastClipped' VIEWMULTI GRANT AS_IS</Process><Process ToolSource="c:\program files (x86)\arcgis\desktop10.3\ArcToolbox\Toolboxes\Data Management Tools.tbx\AddField" Date="20160804" Time="083606">AddField "Database Connections\\MULTI@MULTI@MIBINT2.sde\MULTI.Box" REVIEW_STATUS SHORT # # # # NULLABLE NON_REQUIRED #</Process><Process ToolSource="c:\program files (x86)\arcgis\desktop10.3\ArcToolbox\Toolboxes\Data Management Tools.tbx\Copy" Date="20160930" Time="143453">Copy U:\Geodatabase\SDEAdmin\Backup\MULTI\MULTI_20160930.gdb/Box "Database Connections\MULTI@MULTI@ATLAS_PRO.sde\MULTI.Box" FeatureClass</Process><Process ToolSource="c:\program files (x86)\arcgis\desktop10.3\ArcToolbox\Toolboxes\Data Management Tools.tbx\RegisterAsVersioned" Date="20160930" Time="143458">RegisterAsVersioned "Database Connections\MULTI@MULTI@ATLAS_PRO.sde/Box" NO_EDITS_TO_BASE</Process><Process ToolSource="c:\program files (x86)\arcgis\desktop10.3\ArcToolbox\Toolboxes\Data Management Tools.tbx\ChangePrivileges" Date="20160930" Time="143500">ChangePrivileges 'Database Connections\MULTI@MULTI@ATLAS_PRO.sde/Box' VIEWMULTI GRANT AS_IS</Process><Process ToolSource="c:\program files (x86)\arcgis\desktop10.3\ArcToolbox\Toolboxes\Data Management Tools.tbx\EnableEditorTracking" Date="20160930" Time="143502">EnableEditorTracking "Database Connections\MULTI@MULTI@ATLAS_PRO.sde/Box" CREATOR CREATE_DATE EDITOR EDIT_DATE ADD_FIELDS DATABASE_TIME</Process><Process ToolSource="c:\program files (x86)\arcgis\desktop10.3\ArcToolbox\Toolboxes\Analysis Tools.tbx\Select" Date="20170502" Time="124111">Select "Database Connections\MULTI@VIEWMULTI@ATLAS_PRO.sde\MULTI.Box" "C:\Users\vdohar\Projects\Atlas\Geogratis Outputs\Data\LG\AC_1M_Ocean.gdb\AC_1M_Ocean" "TYPE = 1"</Process><Process ToolSource="c:\program files (x86)\arcgis\desktop10.3\ArcToolbox\Toolboxes\Data Management Tools.tbx\RemoveSubtype" Date="20170502" Time="124112">RemoveSubtype "C:\Users\vdohar\Projects\Atlas\Geogratis Outputs\Data/LG/AC_1M_Ocean.gdb\AC_1M_Ocean" '1: Canada'</Process><Process ToolSource="c:\program files (x86)\arcgis\desktop10.3\ArcToolbox\Toolboxes\Data Management Tools.tbx\DeleteField" Date="20170502" Time="124113">DeleteField "C:\Users\vdohar\Projects\Atlas\Geogratis Outputs\Data/LG/AC_1M_Ocean.gdb\AC_1M_Ocean" TYPE;ORIGINALPROJECTION;EDITOR;EDIT_DATE;CREATOR;CREATE_DATE;REVIEW_STATUS</Process><Process ToolSource="c:\program files (x86)\arcgis\desktop10.3\ArcToolbox\Toolboxes\Conversion Tools.tbx\FeatureClassToFeatureClass" Date="20170502" Time="124114">FeatureClassToFeatureClass "C:\Users\vdohar\Projects\Atlas\Geogratis Outputs\Data/LG/AC_1M_Ocean.gdb/AC_1M_Ocean" "C:\Users\vdohar\Projects\Atlas\Geogratis Outputs\Data/LG" AC_1M_Ocean.shp # "SHAPE_Leng "SHAPE_Leng" false true true 8 Double 0 0 ,First,#,C:\Users\vdohar\Projects\Atlas\Geogratis Outputs\Data/LG/AC_1M_Ocean.gdb/AC_1M_Ocean,SHAPE_Length,-1,-1;SHAPE_Area "SHAPE_Area" false true true 8 Double 0 0 ,First,#,C:\Users\vdohar\Projects\Atlas\Geogratis Outputs\Data/LG/AC_1M_Ocean.gdb/AC_1M_Ocean,SHAPE_Area,-1,-1" #</Process></lineage><itemProps><itemLocation><linkage Sync="TRUE">file://\\W-BSC-A121798\C$\Users\vdohar\Projects\Atlas\Geogratis Outputs\Data\LG\AC_1M_Ocean.shp</linkage><protocol Sync="TRUE">Local Area Network</protocol></itemLocation><itemName Sync="TRUE">AC_1M_Ocean</itemName><imsContentType Sync="TRUE">002</imsContentType><itemSize Sync="TRUE">0.000</itemSize></itemProps><coordRef><type Sync="TRUE">Projected</type><geogcsn Sync="TRUE">GCS_North_American_1983</geogcsn><csUnits Sync="TRUE">Linear Unit: Meter (1.000000)</csUnits><projcsn Sync="TRUE">NAD_1983_Canada_Atlas_Lambert</projcsn><peXml Sync="TRUE">&lt;ProjectedCoordinateSystem xsi:type='typens:ProjectedCoordinateSystem' xmlns:xsi='http://www.w3.org/2001/XMLSchema-instance' xmlns:xs='http://www.w3.org/2001/XMLSchema' xmlns:typens='http://www.esri.com/schemas/ArcGIS/10.3'&gt;&lt;WKT&gt;PROJCS[&amp;quot;NAD_1983_Canada_Atlas_Lambert&amp;quot;,GEOGCS[&amp;quot;GCS_North_American_1983&amp;quot;,DATUM[&amp;quot;D_North_American_1983&amp;quot;,SPHEROID[&amp;quot;GRS_1980&amp;quot;,6378137.0,298.257222101]],PRIMEM[&amp;quot;Greenwich&amp;quot;,0.0],UNIT[&amp;quot;Degree&amp;quot;,0.0174532925199433]],PROJECTION[&amp;quot;Lambert_Conformal_Conic&amp;quot;],PARAMETER[&amp;quot;False_Easting&amp;quot;,0.0],PARAMETER[&amp;quot;False_Northing&amp;quot;,0.0],PARAMETER[&amp;quot;Central_Meridian&amp;quot;,-95.0],PARAMETER[&amp;quot;Standard_Parallel_1&amp;quot;,49.0],PARAMETER[&amp;quot;Standard_Parallel_2&amp;quot;,77.0],PARAMETER[&amp;quot;Latitude_Of_Origin&amp;quot;,49.0],UNIT[&amp;quot;Meter&amp;quot;,1.0],AUTHORITY[&amp;quot;EPSG&amp;quot;,3978]]&lt;/WKT&gt;&lt;XOrigin&gt;-34655800&lt;/XOrigin&gt;&lt;YOrigin&gt;-30001600&lt;/YOrigin&gt;&lt;XYScale&gt;129952262.74881823&lt;/XYScale&gt;&lt;ZOrigin&gt;-100000&lt;/ZOrigin&gt;&lt;ZScale&gt;10000&lt;/ZScale&gt;&lt;MOrigin&gt;-100000&lt;/MOrigin&gt;&lt;MScale&gt;10000&lt;/MScale&gt;&lt;XYTolerance&gt;0.001&lt;/XYTolerance&gt;&lt;ZTolerance&gt;0.001&lt;/ZTolerance&gt;&lt;MTolerance&gt;0.001&lt;/MTolerance&gt;&lt;HighPrecision&gt;true&lt;/HighPrecision&gt;&lt;WKID&gt;3978&lt;/WKID&gt;&lt;LatestWKID&gt;3978&lt;/LatestWKID&gt;&lt;/ProjectedCoordinateSystem&gt;</peXml></coordRef></DataProperties><SyncDate>20170502</SyncDate><SyncTime>12411300</SyncTime><ModDate>20170502</ModDate><ModTime>12411300</ModTime></Esri><dataIdInfo><envirDesc Sync="TRUE">Microsoft Windows 7 Version 6.1 (Build 7601) Service Pack 1; Esri ArcGIS 10.3.1.4959</envirDesc><dataLang><languageCode value="eng" Sync="TRUE"></languageCode><countryCode value="CAN" Sync="TRUE"></countryCode></dataLang><idCitation><resTitle Sync="TRUE">AC_1M_Ocean</resTitle><presForm><PresFormCd value="005" Sync="TRUE"></PresFormCd></presForm></idCitation><spatRpType><SpatRepTypCd value="001" Sync="TRUE"></SpatRepTypCd></spatRpType></dataIdInfo><mdLang><languageCode value="eng" Sync="TRUE"></languageCode><countryCode value="CAN" Sync="TRUE"></countryCode></mdLang><distInfo><distFormat><formatName Sync="TRUE">Shapefile</formatName></distFormat><distTranOps><transSize Sync="TRUE">0.000</transSize></distTranOps></distInfo><mdHrLv><ScopeCd value="005" Sync="TRUE"></ScopeCd></mdHrLv><mdHrLvName Sync="TRUE">dataset</mdHrLvName><refSysInfo><RefSystem><refSysID><identCode code="3978" Sync="TRUE"></identCode><idCodeSpace Sync="TRUE">EPSG</idCodeSpace><idVersion Sync="TRUE">8.6.2</idVersion></refSysID></RefSystem></refSysInfo><spatRepInfo><VectSpatRep><geometObjs Name="AC_1M_Ocean"><geoObjTyp><GeoObjTypCd value="002" Sync="TRUE"></GeoObjTypCd></geoObjTyp><geoObjCnt Sync="TRUE">0</geoObjCnt></geometObjs><topLvl><TopoLevCd value="001" Sync="TRUE"></TopoLevCd></topLvl></VectSpatRep></spatRepInfo><spdoinfo><ptvctinf><esriterm Name="AC_1M_Ocean"><efeatyp Sync="TRUE">Simple</efeatyp><efeageom code="4" Sync="TRUE"></efeageom><esritopo Sync="TRUE">FALSE</esritopo><efeacnt Sync="TRUE">0</efeacnt><spindex Sync="TRUE">FALSE</spindex><linrefer Sync="TRUE">FALSE</linrefer></esriterm></ptvctinf></spdoinfo><eainfo><detailed Name="AC_1M_Ocean"><enttyp><enttypl Sync="TRUE">AC_1M_Ocean</enttypl><enttypt Sync="TRUE">Feature Class</enttypt><enttypc Sync="TRUE">0</enttypc></enttyp><attr><attrlabl Sync="TRUE">SHAPE</attrlabl><attalias Sync="TRUE">Shape</attalias><attrtype Sync="TRUE">Geometry</attrtype><attwidth Sync="TRUE">0</attwidth><atprecis Sync="TRUE">0</atprecis><attscale Sync="TRUE">0</attscale><attrdef Sync="TRUE">Feature geometry.</attrdef><attrdefs Sync="TRUE">Esri</attrdefs><attrdomv><udom Sync="TRUE">Coordinates defining the features.</udom></attrdomv></attr><attr><attrlabl Sync="TRUE">FID</attrlabl><attalias Sync="TRUE">FID</attalias><attrtype Sync="TRUE">OID</attrtype><attwidth Sync="TRUE">4</attwidth><atprecis Sync="TRUE">0</atprecis><attscale Sync="TRUE">0</attscale><attrdef Sync="TRUE">Internal feature number.</attrdef><attrdefs Sync="TRUE">Esri</attrdefs><attrdomv><udom Sync="TRUE">Sequential unique whole numbers that are automatically generated.</udom></attrdomv></attr><attr><attrlabl Sync="TRUE">SHAPE_Area</attrlabl><attalias Sync="TRUE">SHAPE_Area</attalias><attrtype Sync="TRUE">Double</attrtype><attwidth Sync="TRUE">19</attwidth><atprecis Sync="TRUE">0</atprecis><attscale Sync="TRUE">0</attscale><attrdef Sync="TRUE">Area of feature in internal units squared.</attrdef><attrdefs Sync="TRUE">Esri</attrdefs><attrdomv><udom Sync="TRUE">Positive real numbers that are automatically generated.</udom></attrdomv></attr><attr><attrlabl Sync="TRUE">SHAPE_Leng</attrlabl><attalias Sync="TRUE">SHAPE_Leng</attalias><attrtype Sync="TRUE">Double</attrtype><attwidth Sync="TRUE">19</attwidth><atprecis Sync="TRUE">0</atprecis><attscale Sync="TRUE">0</attscale></attr><subtype><stname Sync="TRUE">Canada</stname><stcode Sync="TRUE">1</stcode></subtype></detailed></eainfo><mdDateSt Sync="TRUE">20170502</mdDateSt></metadata>
