"PID","SID","POS","X","Y"
27,348,1,-59.10718,45.271502
27,348,2,-59.699098,44.933283
27,348,3,-60.182433,45.783283
27,348,4,-60.24221,45.903517
27,348,5,-60.063093,45.934485
27,348,6,-59.985643,45.886339
27,348,7,-59.10718,45.271502
27,349,1,-58.945892,45.363661
27,349,2,-59.10718,45.271502
27,349,3,-59.985643,45.886339
27,349,4,-60.063093,45.934485
27,349,5,-59.969803,45.973452
27,349,6,-59.789343,45.953182
27,349,7,-58.945892,45.363661
27,350,1,-58.737285,46.765633
27,350,2,-57.832355,45.99993
27,350,3,-58.945892,45.363661
27,350,4,-59.789343,45.953182
27,350,5,-59.969803,45.973452
27,350,6,-59.827762,46.013519
27,350,7,-58.939514,46.626988
27,350,8,-58.76584,46.746019
27,350,9,-58.737285,46.765633
27,351,1,-59.308219,46.626993
27,351,2,-58.939514,46.626988
27,351,3,-59.827762,46.013519
27,351,4,-59.969803,45.973452
27,351,5,-60.18977,46.076391
27,351,6,-59.986398,46.154891
27,351,7,-59.937682,46.192988
27,351,8,-59.46802,46.51711
27,351,9,-59.308219,46.626993
27,352,1,-59.636993,46.51711
27,352,2,-59.46802,46.51711
27,352,3,-59.937682,46.192988
27,352,4,-59.986398,46.154891
27,352,5,-60.18977,46.076391
27,352,6,-60.107676,46.237252
27,352,7,-60.039514,46.239416
27,352,8,-59.636993,46.51711
27,353,1,-59.842818,46.51711
27,353,2,-59.636993,46.51711
27,353,3,-60.039514,46.239416
27,353,4,-60.107676,46.237252
27,353,5,-60.18977,46.076391
27,353,6,-60.37262,46.13044
27,353,7,-60.247611,46.236433
27,353,8,-60.223302,46.254669
27,353,9,-59.842818,46.51711
27,354,1,-60.030211,46.51711
27,354,2,-59.842818,46.51711
27,354,3,-60.223302,46.254669
27,354,4,-60.247611,46.236433
27,354,5,-60.342767,46.307114
27,354,6,-60.294227,46.335117
27,354,7,-60.030211,46.51711
27,355,1,-60.294227,46.335117
27,355,2,-60.342767,46.307114
27,355,3,-60.425747,46.234966
27,355,4,-60.507369,46.292629
27,355,5,-60.589053,46.189637
27,355,6,-60.691672,46.237252
27,355,7,-60.540542,46.478768
27,355,8,-60.464771,46.451651
27,355,9,-60.294227,46.335117
27,356,1,-60.516287,46.516632
27,356,2,-60.425048,46.51711
27,356,3,-60.030211,46.51711
27,356,4,-60.294227,46.335117
27,356,5,-60.464771,46.451651
27,356,6,-60.540542,46.478768
27,356,7,-60.516287,46.516632
27,357,1,-60.493897,46.627702
27,357,2,-60.35221,46.626993
27,357,3,-59.308219,46.626993
27,357,4,-59.46802,46.51711
27,357,5,-60.425048,46.51711
27,357,6,-60.516287,46.516632
27,357,7,-60.493897,46.627702
27,358,1,-58.76584,46.746019
27,358,2,-58.939514,46.626988
27,358,3,-60.35221,46.626993
27,358,4,-60.493897,46.627702
27,358,5,-60.50136,46.745083
27,358,6,-60.332773,46.746019
27,358,7,-58.76584,46.746019
27,359,1,-59.536325,47.441738
27,359,2,-58.737285,46.765633
27,359,3,-58.76584,46.746019
27,359,4,-60.332773,46.746019
27,359,5,-60.50136,46.745083
27,359,6,-60.512147,46.797092
27,359,7,-60.346813,46.872965
27,359,8,-60.349719,46.888748
27,359,9,-59.536325,47.441738
27,360,1,-59.645402,47.534032
27,360,2,-59.536325,47.441738
27,360,3,-60.349719,46.888748
27,360,4,-60.346813,46.872965
27,360,5,-60.512147,46.797092
27,360,6,-60.59696,46.903191
27,360,7,-60.390493,47.028579
27,360,8,-60.207657,47.15256
27,360,9,-60.067767,47.15256
27,360,10,-60.067767,47.246459
27,360,11,-60.069184,47.246459
27,360,12,-59.645402,47.534032
27,361,1,-59.999059,47.833278
27,361,2,-59.645402,47.534032
27,361,3,-60.069184,47.246459
27,361,4,-60.215785,47.246459
27,361,5,-60.215785,47.15256
27,361,6,-60.207657,47.15256
27,361,7,-60.390493,47.028579
27,361,8,-60.59696,46.903191
27,361,9,-60.666667,46.978333
27,361,10,-60.749097,47.038284
27,361,11,-59.999059,47.833278
27,362,1,-60.215785,47.246459
27,362,2,-60.067767,47.246459
27,362,3,-60.067767,47.15256
27,362,4,-60.215785,47.15256
27,363,1,-60.507369,46.292629
27,363,2,-60.468268,46.265089
27,363,3,-60.453082,46.254353
27,363,4,-60.425747,46.234966
27,363,5,-60.663811,46.076235
27,363,6,-60.74854,46.069028
27,363,7,-60.901029,45.98475
27,363,8,-61.018757,45.966313
27,363,9,-60.976711,46.085209
27,363,10,-60.610314,46.163773
27,363,11,-60.589053,46.189637
27,363,12,-60.507369,46.292629
27,364,1,-60.74854,46.069028
27,364,2,-60.663811,46.076235
27,364,3,-60.425747,46.234966
27,364,4,-60.342767,46.307114
27,364,5,-60.247611,46.236433
27,364,6,-60.37262,46.13044
27,364,7,-60.768105,45.952633
27,364,8,-60.839428,45.977608
27,364,9,-60.901029,45.98475
27,364,10,-60.74854,46.069028
28,365,1,-60.839428,45.977608
28,365,2,-60.808006,45.958843
28,365,3,-60.791339,45.956898
28,365,4,-60.768105,45.952633
28,365,5,-60.703094,45.936019
28,365,6,-60.720428,45.901657
28,365,7,-60.718938,45.860009
28,365,8,-60.951774,45.804615
28,365,9,-60.955325,45.834461
28,365,10,-60.950572,45.854191
28,365,11,-61.028659,45.870147
28,365,12,-61.018757,45.966313
28,365,13,-60.901029,45.98475
28,365,14,-60.839428,45.977608
28,366,1,-60.720428,45.901657
28,366,2,-60.703094,45.936019
28,366,3,-60.372122,46.052048
28,366,4,-60.331878,46.015212
28,366,5,-60.643029,45.80209
28,366,6,-60.71511,45.808396
28,366,7,-60.718938,45.860009
28,366,8,-60.720428,45.901657
28,367,1,-60.718938,45.860009
28,367,2,-60.71511,45.808396
28,367,3,-60.694689,45.677949
28,367,4,-60.861624,45.656899
28,367,5,-60.874124,45.656899
28,367,6,-60.946369,45.7592
28,367,7,-60.951774,45.804615
28,367,8,-60.718938,45.860009
28,368,1,-60.950572,45.854191
28,368,2,-60.955325,45.834461
28,368,3,-60.951774,45.804615
28,368,4,-60.946369,45.7592
28,368,5,-61.088129,45.672054
28,368,6,-61.181233,45.691433
28,368,7,-61.210064,45.741531
28,368,8,-61.028659,45.870147
28,368,9,-60.950572,45.854191
29,341,1,-61.02893,45.610924
29,341,2,-61.030029,45.592553
29,341,3,-61.043634,45.545655
29,341,4,-61.195908,45.523108
29,341,5,-61.244893,45.514742
29,341,6,-61.342295,45.496576
29,341,7,-61.47128,45.615211
29,341,8,-61.428309,45.636071
29,341,9,-61.403308,45.641627
29,341,10,-61.353906,45.657888
29,341,11,-61.14,45.626975
29,341,12,-61.02893,45.610924
29,342,1,-61.382477,45.411071
29,342,2,-61.342295,45.496576
29,342,3,-61.244893,45.514742
29,342,4,-61.195908,45.523108
29,342,5,-61.043634,45.545655
29,342,6,-60.985532,45.515971
29,342,7,-61.018384,45.466595
29,342,8,-61.018388,45.411069
29,342,9,-61.382477,45.411071
29,343,1,-61.018388,45.411069
29,343,2,-61.018384,45.466595
29,343,3,-60.985532,45.515971
29,343,4,-61.043634,45.545655
29,343,5,-60.891814,45.572687
29,343,6,-60.65798,45.411111
29,343,7,-61.018388,45.411069
29,344,1,-61.02893,45.610924
29,344,2,-61.14,45.626975
29,344,3,-61.088129,45.672054
29,344,4,-60.874124,45.656899
29,344,5,-60.861624,45.656899
29,344,6,-60.694689,45.677949
29,344,7,-60.682452,45.566621
29,344,8,-60.632453,45.411066
29,344,9,-60.657915,45.411066
29,344,10,-60.891814,45.572687
29,344,11,-61.043634,45.545655
29,344,12,-61.030029,45.592553
29,344,13,-61.02893,45.610924
30,345,1,-60.559093,45.746404
30,345,2,-60.49981,45.629538
30,345,3,-60.021789,44.7489
30,345,4,-60.165784,44.666622
30,345,5,-60.632453,45.411066
30,345,6,-60.682452,45.566621
30,345,7,-60.694689,45.677949
30,345,8,-60.559093,45.746404
30,346,1,-60.388017,45.788891
30,346,2,-60.34026,45.692526
30,346,3,-59.873535,44.833611
30,346,4,-60.021789,44.7489
30,346,5,-60.49981,45.629538
30,346,6,-60.559093,45.746404
30,346,7,-60.388017,45.788891
30,347,1,-60.182433,45.783283
30,347,2,-59.699098,44.933283
30,347,3,-59.873535,44.833611
30,347,4,-60.34026,45.692526
30,347,5,-60.388017,45.788891
30,347,6,-60.24221,45.903517
30,347,7,-60.182433,45.783283
32,323,1,-63.263905,44.817697
32,323,2,-63.19979,44.681347
32,323,3,-63.057962,44.41633
32,323,4,-63.415969,44.646763
32,323,5,-63.50978,44.741531
32,323,6,-63.263905,44.817697
32,324,1,-63.11532,44.848865
32,324,2,-63.047313,44.671706
32,324,3,-62.833296,44.271722
32,324,4,-63.057962,44.41633
32,324,5,-63.19979,44.681347
32,324,6,-63.263905,44.817697
32,324,7,-63.11532,44.848865
32,325,1,-62.966735,44.875022
32,325,2,-62.894534,44.72453
32,325,3,-62.55667,44.09367
32,325,4,-62.833296,44.271722
32,325,5,-63.047313,44.671706
32,325,6,-63.11532,44.848865
32,325,7,-62.966735,44.875022
32,326,1,-62.805767,44.918704
32,326,2,-62.737049,44.786499
32,326,3,-62.283744,43.94098
32,326,4,-62.307528,43.933308
32,326,5,-62.55667,44.09367
32,326,6,-62.894534,44.72453
32,326,7,-62.966735,44.875022
32,326,8,-62.805767,44.918704
32,327,1,-62.637724,44.956115
32,327,2,-62.548081,44.786768
32,327,3,-62.122535,43.992979
32,327,4,-62.283744,43.94098
32,327,5,-62.737049,44.786499
32,327,6,-62.805767,44.918704
32,327,7,-62.637724,44.956115
32,328,1,-62.506826,44.997322
32,328,2,-62.42697,44.857648
32,328,3,-61.986374,44.036899
32,328,4,-62.122535,43.992979
32,328,5,-62.548081,44.786768
32,328,6,-62.637724,44.956115
32,328,7,-62.506826,44.997322
32,329,1,-62.372391,45.03602
32,329,2,-62.302751,44.917847
32,329,3,-61.852604,44.080048
32,329,4,-61.986374,44.036899
32,329,5,-62.42697,44.857648
32,329,6,-62.506826,44.997322
32,329,7,-62.372391,45.03602
32,330,1,-62.235303,45.073462
32,330,2,-62.150564,44.954968
32,330,3,-61.5325,44.183301
32,330,4,-61.852604,44.080048
32,330,5,-62.302751,44.917847
32,330,6,-62.372391,45.03602
32,330,7,-62.235303,45.073462
33,301,1,-65.51602,43.496772
33,301,2,-65.513758,43.608172
33,301,3,-65.412145,43.537337
33,301,4,-65.411696,43.479886
33,301,5,-65.370062,43.398142
33,301,6,-65.440472,43.342136
33,301,7,-65.51602,43.496772
33,302,1,-65.613154,43.677462
33,302,2,-65.547023,43.718184
33,302,3,-65.354546,43.575801
33,302,4,-65.340134,43.5376
33,302,5,-65.297083,43.456122
33,302,6,-65.370062,43.398142
33,302,7,-65.411696,43.479886
33,302,8,-65.412145,43.537337
33,302,9,-65.513758,43.608172
33,302,10,-65.613154,43.677462
33,303,1,-65.547023,43.718184
33,303,2,-65.420663,43.760167
33,303,3,-65.369472,43.676274
33,303,4,-65.329279,43.664351
33,303,5,-65.310597,43.663503
33,303,6,-65.300145,43.658077
33,303,7,-65.278406,43.617147
33,303,8,-65.224103,43.514046
33,303,9,-65.297083,43.456122
33,303,10,-65.340134,43.5376
33,303,11,-65.354546,43.575801
33,303,12,-65.547023,43.718184
33,304,1,-65.369472,43.676274
33,304,2,-65.420663,43.760167
33,304,3,-65.308668,43.807641
33,304,4,-65.235181,43.66303
33,304,5,-65.176452,43.551776
33,304,6,-65.224103,43.514046
33,304,7,-65.278406,43.617147
33,304,8,-65.300145,43.658077
33,304,9,-65.310597,43.663503
33,304,10,-65.329279,43.664351
33,304,11,-65.369472,43.676274
33,305,1,-65.308668,43.807641
33,305,2,-65.211606,43.844555
33,305,3,-65.123084,43.762136
33,305,4,-65.139088,43.695683
33,305,5,-65.127521,43.656347
33,305,6,-65.091647,43.589006
33,305,7,-65.176452,43.551776
33,305,8,-65.235181,43.66303
33,305,9,-65.308668,43.807641
33,306,1,-65.211606,43.844555
33,306,2,-65.119877,43.876187
33,306,3,-65.031536,43.697017
33,306,4,-64.996725,43.630631
33,306,5,-65.091647,43.589006
33,306,6,-65.127521,43.656347
33,306,7,-65.139088,43.695683
33,306,8,-65.123084,43.762136
33,306,9,-65.211606,43.844555
33,307,1,-65.119877,43.876187
33,307,2,-65.020682,43.912343
33,307,3,-64.946033,43.767734
33,307,4,-64.897473,43.673982
33,307,5,-64.996725,43.630631
33,307,6,-65.031536,43.697017
33,307,7,-65.119877,43.876187
33,308,1,-65.020682,43.912343
33,308,2,-64.92042,43.959829
33,308,3,-64.788145,43.867497
33,308,4,-64.745138,43.787183
33,308,5,-64.897473,43.673982
33,308,6,-64.946033,43.767734
33,308,7,-65.020682,43.912343
33,309,1,-64.92042,43.959829
33,309,2,-64.797756,44.045813
33,309,3,-64.662979,43.989851
33,309,4,-64.608241,43.888675
33,309,5,-64.745138,43.787183
33,309,6,-64.788145,43.867497
33,309,7,-64.92042,43.959829
33,310,1,-64.797756,44.045813
33,310,2,-64.698558,44.137109
33,310,3,-64.55744,44.069925
33,310,4,-64.502138,43.96713
33,310,5,-64.608241,43.888675
33,310,6,-64.662979,43.989851
33,310,7,-64.797756,44.045813
33,311,1,-64.698558,44.137109
33,311,2,-64.586558,44.251051
33,311,3,-64.441783,44.195674
33,311,4,-64.36354,44.047433
33,311,5,-64.502138,43.96713
33,311,6,-64.55744,44.069925
33,311,7,-64.698558,44.137109
33,312,1,-64.269804,44.266289
33,312,2,-64.203529,44.139885
33,312,3,-64.36354,44.047433
33,312,4,-64.441783,44.195674
33,312,5,-64.586558,44.251051
33,312,6,-64.451093,44.388385
33,312,7,-64.269804,44.266289
33,313,1,-64.451093,44.388385
33,313,2,-64.405227,44.430638
33,313,3,-64.200661,44.347627
33,313,4,-64.113036,44.317525
33,313,5,-64.113034,44.20911
33,313,6,-64.203529,44.139885
33,313,7,-64.269804,44.266289
33,313,8,-64.451093,44.388385
33,314,1,-64.405227,44.430638
33,314,2,-64.402026,44.438943
33,314,3,-64.338483,44.430591
33,314,4,-64.282631,44.430675
33,314,5,-64.26007,44.423564
33,314,6,-64.208003,44.423457
33,314,7,-64.113037,44.39487
33,314,8,-64.113036,44.317525
33,314,9,-64.200661,44.347627
33,314,10,-64.405227,44.430638
33,315,1,-64.402026,44.438943
33,315,2,-64.377487,44.552218
33,315,3,-64.250558,44.640464
33,315,4,-64.105505,44.591223
33,315,5,-64.127391,44.547846
33,315,6,-64.208002,44.489194
33,315,7,-64.208003,44.423457
33,315,8,-64.26007,44.423564
33,315,9,-64.282631,44.430675
33,315,10,-64.338483,44.430591
33,315,11,-64.402026,44.438943
33,316,1,-64.105505,44.591223
33,316,2,-64.07991,44.543612
33,316,3,-64.113039,44.476665
33,316,4,-64.113037,44.39487
33,316,5,-64.208003,44.423457
33,316,6,-64.208002,44.489194
33,316,7,-64.127391,44.547846
33,316,8,-64.105505,44.591223
33,317,1,-64.07991,44.543612
33,317,2,-64.066043,44.553417
33,317,3,-64.006516,44.508395
33,317,4,-63.974314,44.516343
33,317,5,-63.97431,44.315676
33,317,6,-64.113034,44.20911
33,317,7,-64.113036,44.317525
33,317,8,-64.113037,44.39487
33,317,9,-64.113039,44.476665
33,317,10,-64.07991,44.543612
33,318,1,-64.066043,44.553417
33,318,2,-64.07991,44.543612
33,318,3,-64.105505,44.591223
33,318,4,-64.101232,44.689411
33,318,5,-63.831382,44.737483
33,318,6,-63.866592,44.541888
33,318,7,-63.948885,44.522526
33,318,8,-63.974314,44.516343
33,318,9,-64.006516,44.508395
33,318,10,-64.066043,44.553417
33,319,1,-63.974314,44.516343
33,319,2,-63.948885,44.522526
33,319,3,-63.866592,44.541888
33,319,4,-63.773798,44.553125
33,319,5,-63.800065,44.467984
33,319,6,-63.800063,44.315716
33,319,7,-63.97431,44.315676
33,319,8,-63.974314,44.516343
33,320,1,-63.773798,44.553125
33,320,2,-63.62021,44.549951
33,320,3,-63.617014,44.494053
33,320,4,-63.643549,44.433822
33,320,5,-63.643547,44.315766
33,320,6,-63.800063,44.315716
33,320,7,-63.800065,44.467984
33,320,8,-63.773798,44.553125
33,321,1,-63.62021,44.549951
33,321,2,-63.583945,44.554446
33,321,3,-63.51972,44.504209
33,321,4,-63.418533,44.315683
33,321,5,-63.643547,44.315766
33,321,6,-63.643549,44.433822
33,321,7,-63.617014,44.494053
33,321,8,-63.62021,44.549951
33,322,1,-63.583945,44.554446
33,322,2,-63.760988,44.719284
33,322,3,-63.664991,44.782636
33,322,4,-63.50978,44.741531
33,322,5,-63.415969,44.646763
33,322,6,-62.307528,43.933308
33,322,7,-62.999219,43.716648
33,322,8,-63.075967,43.677415
33,322,9,-63.418533,44.315683
33,322,10,-63.51972,44.504209
33,322,11,-63.583945,44.554446
33,469,1,-65.370062,43.398142
33,469,2,-65.184294,43.031932
33,469,3,-65.266528,42.986095
33,469,4,-65.440472,43.342136
33,469,5,-65.370062,43.398142
33,470,1,-65.297083,43.456122
33,470,2,-65.098823,43.079576
33,470,3,-65.184294,43.031932
33,470,4,-65.370062,43.398142
33,470,5,-65.297083,43.456122
33,471,1,-65.224103,43.514046
33,471,2,-65.019546,43.123741
33,471,3,-65.098823,43.079576
33,471,4,-65.297083,43.456122
33,471,5,-65.224103,43.514046
33,472,1,-65.176452,43.551776
33,472,2,-64.965837,43.15362
33,472,3,-65.019546,43.123741
33,472,4,-65.224103,43.514046
33,472,5,-65.176452,43.551776
33,473,1,-65.091647,43.589006
33,473,2,-64.884775,43.19872
33,473,3,-64.965837,43.15362
33,473,4,-65.176452,43.551776
33,473,5,-65.091647,43.589006
33,474,1,-64.996725,43.630631
33,474,2,-64.796897,43.24756
33,474,3,-64.884775,43.19872
33,474,4,-65.091647,43.589006
33,474,5,-64.996725,43.630631
33,475,1,-64.897473,43.673982
33,475,2,-64.703001,43.299692
33,475,3,-64.796897,43.24756
33,475,4,-64.996725,43.630631
33,475,5,-64.897473,43.673982
33,476,1,-64.745138,43.787183
33,476,2,-64.53489,43.392945
33,476,3,-64.703001,43.299692
33,476,4,-64.897473,43.673982
33,476,5,-64.745138,43.787183
33,477,1,-64.608241,43.888675
33,477,2,-64.385846,43.475505
33,477,3,-64.53489,43.392945
33,477,4,-64.745138,43.787183
33,477,5,-64.608241,43.888675
33,478,1,-64.502138,43.96713
33,478,2,-64.272499,43.538202
33,478,3,-64.385846,43.475505
33,478,4,-64.608241,43.888675
33,478,5,-64.502138,43.96713
33,479,1,-64.36354,44.047433
33,479,2,-64.135844,43.613729
33,479,3,-64.272499,43.538202
33,479,4,-64.502138,43.96713
33,479,5,-64.36354,44.047433
33,480,1,-64.203529,44.139885
33,480,2,-63.9743,43.702667
33,480,3,-64.135844,43.613729
33,480,4,-64.36354,44.047433
33,480,5,-64.203529,44.139885
33,481,1,-63.97431,44.315676
33,481,2,-63.9743,43.702667
33,481,3,-64.203529,44.139885
33,481,4,-64.113034,44.20911
33,481,5,-63.97431,44.315676
33,482,1,-63.97431,44.315676
33,482,2,-63.800063,44.315716
33,482,3,-63.800046,43.370357
33,482,4,-63.9743,43.702667
33,482,5,-63.97431,44.315676
33,483,1,-63.800063,44.315716
33,483,2,-63.643547,44.315766
33,483,3,-63.64348,43.387308
33,483,4,-63.799962,43.307316
33,483,5,-63.800063,44.315716
33,484,1,-63.643547,44.315766
33,484,2,-63.418533,44.315683
33,484,3,-63.075967,43.677415
33,484,4,-63.64348,43.387308
33,484,5,-63.643547,44.315766
33,485,1,-65.184294,43.031932
33,485,2,-65.010977,42.688258
33,485,3,-65.215994,42.583455
33,485,4,-65.216,42.916784
33,485,5,-65.232666,42.916783
33,485,6,-65.266528,42.986095
33,485,7,-65.184294,43.031932
33,486,1,-65.184294,43.031932
33,486,2,-65.098823,43.079576
33,486,3,-64.918702,42.735428
33,486,4,-65.010977,42.688258
33,486,5,-65.184294,43.031932
33,487,1,-65.098823,43.079576
33,487,2,-65.019546,43.123741
33,487,3,-64.838576,42.776388
33,487,4,-64.918702,42.735428
33,487,5,-65.098823,43.079576
33,488,1,-65.019546,43.123741
33,488,2,-64.965837,43.15362
33,488,3,-64.782755,42.804922
33,488,4,-64.838576,42.776388
33,488,5,-65.019546,43.123741
33,489,1,-64.965837,43.15362
33,489,2,-64.884775,43.19872
33,489,3,-64.699651,42.847404
33,489,4,-64.782755,42.804922
33,489,5,-64.965837,43.15362
33,490,1,-64.884775,43.19872
33,490,2,-64.796897,43.24756
33,490,3,-64.612501,42.891955
33,490,4,-64.699651,42.847404
33,490,5,-64.884775,43.19872
33,491,1,-64.796897,43.24756
33,491,2,-64.703001,43.299692
33,491,3,-64.517724,42.940404
33,491,4,-64.612501,42.891955
33,491,5,-64.796897,43.24756
33,492,1,-64.703001,43.299692
33,492,2,-64.53489,43.392945
33,492,3,-64.342512,43.02997
33,492,4,-64.517724,42.940404
33,492,5,-64.703001,43.299692
33,493,1,-64.53489,43.392945
33,493,2,-64.385846,43.475505
33,493,3,-64.189395,43.108242
33,493,4,-64.342512,43.02997
33,493,5,-64.53489,43.392945
33,494,1,-64.385846,43.475505
33,494,2,-64.272499,43.538202
33,494,3,-64.074967,43.166737
33,494,4,-64.189395,43.108242
33,494,5,-64.385846,43.475505
33,495,1,-64.272499,43.538202
33,495,2,-64.135844,43.613729
33,495,3,-63.938984,43.236249
33,495,4,-64.074967,43.166737
33,495,5,-64.272499,43.538202
33,496,1,-64.135844,43.613729
33,496,2,-63.9743,43.702667
33,496,3,-63.800046,43.370357
33,496,4,-63.799962,43.307316
33,496,5,-63.938984,43.236249
33,496,6,-64.135844,43.613729
311,337,1,-61.099687,45.311583
311,337,2,-61.032803,45.266762
311,337,3,-60.610178,44.483092
311,337,4,-60.765806,44.433294
311,337,5,-61.192474,45.20996
311,337,6,-61.188134,45.245281
311,337,7,-61.229712,45.316299
311,337,8,-61.099687,45.311583
311,338,1,-61.099687,45.311583
311,338,2,-60.9542,45.300477
311,338,3,-60.563089,45.300424
311,338,4,-60.165784,44.666622
311,338,5,-60.349124,44.566624
311,338,6,-60.610178,44.483092
311,338,7,-61.032803,45.266762
311,338,8,-61.099687,45.311583
311,339,1,-61.077574,45.345852
311,339,2,-61.077574,45.411066
311,339,3,-60.632453,45.411066
311,339,4,-60.563089,45.300424
311,339,5,-60.9542,45.300477
311,339,6,-61.099687,45.311583
311,339,7,-61.077574,45.345852
311,340,1,-61.382477,45.411071
311,340,2,-61.077574,45.411066
311,340,3,-61.077574,45.345852
311,340,4,-61.099687,45.311583
311,340,5,-61.229712,45.316299
311,340,6,-61.561356,45.328329
311,340,7,-61.559576,45.496181
311,340,8,-61.342295,45.496576
311,340,9,-61.382477,45.411071
312,331,1,-62.076103,45.129672
312,331,2,-62.00247,45.017854
312,331,3,-61.595938,44.262505
312,331,4,-62.150564,44.954968
312,331,5,-62.235303,45.073462
312,331,6,-62.076103,45.129672
312,332,1,-61.975276,45.177172
312,332,2,-61.850689,45.036335
312,332,3,-61.412502,44.222428
312,332,4,-61.5325,44.183301
312,332,5,-61.595938,44.262505
312,332,6,-62.00247,45.017854
312,332,7,-62.076103,45.129672
312,332,8,-61.975276,45.177172
312,333,1,-61.858528,45.239688
312,333,2,-61.659805,45.090357
312,333,3,-61.225045,44.283552
312,333,4,-61.412502,44.222428
312,333,5,-61.850689,45.036335
312,333,6,-61.975276,45.177172
312,333,7,-61.858528,45.239688
312,334,1,-61.561356,45.328329
312,334,2,-61.466988,45.149515
312,334,3,-61.033517,44.346003
312,334,4,-61.225045,44.283552
312,334,5,-61.659805,45.090357
312,334,6,-61.858528,45.239688
312,334,7,-61.794846,45.282214
312,334,8,-61.561356,45.328329
312,335,1,-61.561356,45.328329
312,335,2,-61.400399,45.194135
312,335,3,-61.322089,45.188683
312,335,4,-60.892056,44.392128
312,335,5,-61.033517,44.346003
312,335,6,-61.466988,45.149515
312,335,7,-61.561356,45.328329
312,336,1,-61.561356,45.328329
312,336,2,-61.229712,45.316299
312,336,3,-61.188134,45.245281
312,336,4,-61.192474,45.20996
312,336,5,-60.765806,44.433294
312,336,6,-60.892056,44.392128
312,336,7,-61.322089,45.188683
312,336,8,-61.400399,45.194135
312,336,9,-61.561356,45.328329
34,42,1,-66.166667,44.847901
34,42,2,-66.166667,44.833333
34,42,3,-66.207767,44.833333
34,42,4,-66.207721,44.833412
34,42,5,-66.166667,44.847901
34,43,1,-66.166667,44.847901
34,43,2,-66,44.906724
34,43,3,-66,44.833333
34,43,4,-66.166667,44.833333
34,43,5,-66.166667,44.847901
34,44,1,-66,44.906724
34,44,2,-65.924382,44.933412
34,44,3,-65.914381,44.833333
34,44,4,-66,44.833333
34,44,5,-66,44.906724
34,53,1,-66.333333,44.670121
34,53,2,-66.207767,44.833333
34,53,3,-66.166667,44.833333
34,53,4,-66.166667,44.666667
34,53,5,-66.333333,44.666667
34,53,6,-66.333333,44.670121
34,54,1,-66.166667,44.833333
34,54,2,-66,44.833333
34,54,3,-66,44.666667
34,54,4,-66.166667,44.666667
34,54,5,-66.166667,44.833333
34,55,1,-66,44.833333
34,55,2,-65.914381,44.833333
34,55,3,-65.893821,44.627584
34,55,4,-66,44.560816
34,55,5,-66,44.833333
34,66,1,-66.469866,44.5
34,66,2,-66.457726,44.508415
34,66,3,-66.33599,44.666667
34,66,4,-66.333333,44.670121
34,66,5,-66.333333,44.5
34,66,6,-66.469866,44.5
34,67,1,-66.333333,44.666667
34,67,2,-66.166667,44.666667
34,67,3,-66.166667,44.5
34,67,4,-66.333333,44.5
34,67,5,-66.333333,44.666667
34,68,1,-66.166667,44.666667
34,68,2,-66,44.666667
34,68,3,-66,44.560816
34,68,4,-66.075682,44.5
34,68,5,-66.166667,44.5
34,68,6,-66.166667,44.666667
34,69,1,-66,44.560816
34,69,2,-65.893821,44.627584
34,69,3,-65.833333,44.601434
34,69,4,-65.833333,44.5
34,69,5,-66.075682,44.5
34,69,6,-66,44.560816
34,77,1,-66.666667,44.363581
34,77,2,-66.666667,44.333333
34,77,3,-66.710303,44.333333
34,77,4,-66.666667,44.363581
34,78,1,-66.666667,44.363581
34,78,2,-66.5,44.479111
34,78,3,-66.5,44.333333
34,78,4,-66.666667,44.333333
34,78,5,-66.666667,44.363581
34,79,1,-66.5,44.479111
34,79,2,-66.469866,44.5
34,79,3,-66.333333,44.5
34,79,4,-66.333333,44.333333
34,79,5,-66.5,44.333333
34,79,6,-66.5,44.479111
34,80,1,-66.333333,44.5
34,80,2,-66.075682,44.5
34,80,3,-66.166667,44.426887
34,80,4,-66.261387,44.333333
34,80,5,-66.333333,44.262273
34,80,6,-66.333333,44.5
34,81,1,-66.166667,44.426887
34,81,2,-66.075682,44.5
34,81,3,-65.833333,44.5
34,81,4,-65.833333,44.333333
34,81,5,-66.261387,44.333333
34,81,6,-66.166667,44.426887
34,88,1,-66.833333,44.248051
34,88,2,-66.833333,44.166667
34,88,3,-66.950739,44.166667
34,88,4,-66.833333,44.248051
34,89,1,-66.833333,44.248051
34,89,2,-66.710303,44.333333
34,89,3,-66.666667,44.333333
34,89,4,-66.666667,44.166667
34,89,5,-66.833333,44.166667
34,89,6,-66.833333,44.248051
34,90,1,-66.666667,44.333333
34,90,2,-66.5,44.333333
34,90,3,-66.5,44.166667
34,90,4,-66.666667,44.166667
34,90,5,-66.666667,44.333333
34,91,1,-66.5,44.333333
34,91,2,-66.333333,44.333333
34,91,3,-66.333333,44.166667
34,91,4,-66.5,44.166667
34,91,5,-66.5,44.333333
34,92,1,-66.333333,44.262273
34,92,2,-66.261387,44.333333
34,92,3,-66.166667,44.333333
34,92,4,-66,44.333333
34,92,5,-66,44.166667
34,92,6,-66.333333,44.166667
34,92,7,-66.333333,44.262273
34,98,1,-67.191048,44.000089
34,98,2,-67,44.13252
34,98,3,-67,44
34,98,4,-67.166667,44
34,98,5,-67.191048,44.000089
34,99,1,-67,44.13252
34,99,2,-66.950739,44.166667
34,99,3,-66.833333,44.166667
34,99,4,-66.833333,44
34,99,5,-67,44
34,99,6,-67,44.13252
34,100,1,-66.833333,44.166667
34,100,2,-66.666667,44.166667
34,100,3,-66.666667,44
34,100,4,-66.833333,44
34,100,5,-66.833333,44.166667
34,101,1,-66.666667,44.166667
34,101,2,-66.5,44.166667
34,101,3,-66.5,44
34,101,4,-66.666667,44
34,101,5,-66.666667,44.166667
34,102,1,-66.5,44.166667
34,102,2,-66.333333,44.166667
34,102,3,-66.333333,44
34,102,4,-66.5,44
34,102,5,-66.5,44.166667
34,103,1,-66.333333,44.166667
34,103,2,-66,44.166667
34,103,3,-66,44
34,103,4,-66.333333,44
34,103,5,-66.333333,44.166667
34,107,1,-67.333333,43.901459
34,107,2,-67.333333,43.833333
34,107,3,-67.40835,43.833333
34,107,4,-67.399424,43.855646
34,107,5,-67.333333,43.901459
34,108,1,-67.333333,43.901459
34,108,2,-67.191048,44.000089
34,108,3,-67.166667,44
34,108,4,-67.166667,43.833333
34,108,5,-67.333333,43.833333
34,108,6,-67.333333,43.901459
34,109,1,-67.166667,44
34,109,2,-67,44
34,109,3,-67,43.833333
34,109,4,-67.166667,43.833333
34,109,5,-67.166667,44
34,110,1,-67,44
34,110,2,-66.833333,44
34,110,3,-66.833333,43.833333
34,110,4,-67,43.833333
34,110,5,-67,44
34,111,1,-66.833333,44
34,111,2,-66.666667,44
34,111,3,-66.666667,43.833333
34,111,4,-66.833333,43.833333
34,111,5,-66.833333,44
34,112,1,-66.666667,44
34,112,2,-66.5,44
34,112,3,-66.5,43.833333
34,112,4,-66.666667,43.833333
34,112,5,-66.666667,44
34,113,1,-66.5,44
34,113,2,-66.333333,44
34,113,3,-66.333333,43.833333
34,113,4,-66.5,43.833333
34,113,5,-66.5,44
34,114,1,-66.333333,44
34,114,2,-66,44
34,114,3,-66,43.833333
34,114,4,-66.333333,43.833333
34,114,5,-66.333333,44
34,118,1,-67.416091,43.81398
34,118,2,-67.40835,43.833333
34,118,3,-67.333333,43.833333
34,118,4,-67.333333,43.644208
34,118,5,-67.344281,43.666667
34,118,6,-67.416091,43.81398
34,119,1,-67.333333,43.833333
34,119,2,-67.166667,43.833333
34,119,3,-67.166667,43.666667
34,119,4,-67.333333,43.666667
34,119,5,-67.333333,43.833333
34,120,1,-67.166667,43.833333
34,120,2,-67,43.833333
34,120,3,-67,43.666667
34,120,4,-67.166667,43.666667
34,120,5,-67.166667,43.833333
34,121,1,-67,43.833333
34,121,2,-66.833333,43.833333
34,121,3,-66.833333,43.666667
34,121,4,-67,43.666667
34,121,5,-67,43.833333
34,122,1,-66.833333,43.833333
34,122,2,-66.666667,43.833333
34,122,3,-66.666667,43.666667
34,122,4,-66.833333,43.666667
34,122,5,-66.833333,43.833333
34,123,1,-66.666667,43.833333
34,123,2,-66.5,43.833333
34,123,3,-66.5,43.666667
34,123,4,-66.666667,43.666667
34,123,5,-66.666667,43.833333
34,124,1,-66.5,43.833333
34,124,2,-66.333333,43.833333
34,124,3,-66.333333,43.666667
34,124,4,-66.5,43.666667
34,124,5,-66.5,43.833333
34,125,1,-66.333333,43.833333
34,125,2,-66.166667,43.833333
34,125,3,-66.166667,43.666667
34,125,4,-66.333333,43.666667
34,125,5,-66.333333,43.833333
34,126,1,-66.166667,43.833333
34,126,2,-66,43.833333
34,126,3,-66,43.666667
34,126,4,-66.166667,43.666667
34,126,5,-66.166667,43.833333
34,127,1,-66,44
34,127,2,-65.833333,44
34,127,3,-65.833333,43.666667
34,127,4,-66,43.666667
34,127,5,-66,44
34,132,1,-67.263036,43.5
34,132,2,-67.333333,43.644208
34,132,3,-67.333333,43.666667
34,132,4,-67.166667,43.666667
34,132,5,-67.166667,43.5
34,132,6,-67.263036,43.5
34,133,1,-67.166667,43.666667
34,133,2,-67,43.666667
34,133,3,-67,43.5
34,133,4,-67.166667,43.5
34,133,5,-67.166667,43.666667
34,134,1,-67,43.666667
34,134,2,-66.833333,43.666667
34,134,3,-66.833333,43.5
34,134,4,-67,43.5
34,134,5,-67,43.666667
34,135,1,-66.833333,43.666667
34,135,2,-66.666667,43.666667
34,135,3,-66.666667,43.5
34,135,4,-66.833333,43.5
34,135,5,-66.833333,43.666667
34,136,1,-66.666667,43.666667
34,136,2,-66.5,43.666667
34,136,3,-66.5,43.5
34,136,4,-66.666667,43.5
34,136,5,-66.666667,43.666667
34,137,1,-66.5,43.666667
34,137,2,-66.333333,43.666667
34,137,3,-66.333333,43.5
34,137,4,-66.5,43.5
34,137,5,-66.5,43.666667
34,138,1,-66.333333,43.666667
34,138,2,-66.166667,43.666667
34,138,3,-66.166667,43.5
34,138,4,-66.333333,43.5
34,138,5,-66.333333,43.666667
34,139,1,-66.166667,43.666667
34,139,2,-66,43.666667
34,139,3,-66,43.5
34,139,4,-66.166667,43.5
34,139,5,-66.166667,43.666667
34,140,1,-66,43.666667
34,140,2,-65.833333,43.666667
34,140,3,-65.833333,43.5
34,140,4,-66,43.5
34,140,5,-66,43.666667
34,141,1,-65.833333,43.833333
34,141,2,-65.666667,43.833333
34,141,3,-65.666667,43.5
34,141,4,-65.833333,43.5
34,141,5,-65.833333,43.833333
34,148,1,-67.181792,43.333333
34,148,2,-67.263036,43.5
34,148,3,-67.166667,43.5
34,148,4,-67.166667,43.302306
34,148,5,-67.181792,43.333333
34,149,1,-67.166667,43.5
34,149,2,-67,43.5
34,149,3,-67,43.333333
34,149,4,-67.166667,43.333333
34,149,5,-67.166667,43.5
34,150,1,-67,43.5
34,150,2,-66.833333,43.5
34,150,3,-66.833333,43.333333
34,150,4,-67,43.333333
34,150,5,-67,43.5
34,151,1,-66.833333,43.5
34,151,2,-66.666667,43.5
34,151,3,-66.666667,43.333333
34,151,4,-66.833333,43.333333
34,151,5,-66.833333,43.5
34,152,1,-66.666667,43.5
34,152,2,-66.5,43.5
34,152,3,-66.5,43.333333
34,152,4,-66.666667,43.333333
34,152,5,-66.666667,43.5
34,153,1,-66.5,43.5
34,153,2,-66.333333,43.5
34,153,3,-66.333333,43.333333
34,153,4,-66.5,43.333333
34,153,5,-66.5,43.5
34,154,1,-66.333333,43.5
34,154,2,-66.166667,43.5
34,154,3,-66.166667,43.333333
34,154,4,-66.333333,43.333333
34,154,5,-66.333333,43.5
34,155,1,-66.166667,43.5
34,155,2,-66,43.5
34,155,3,-66,43.333333
34,155,4,-66.166667,43.333333
34,155,5,-66.166667,43.5
34,156,1,-66,43.5
34,156,2,-65.833333,43.5
34,156,3,-65.833333,43.333333
34,156,4,-66,43.333333
34,156,5,-66,43.5
34,157,1,-65.833333,43.5
34,157,2,-65.666667,43.5
34,157,3,-65.666667,43.333333
34,157,4,-65.833333,43.333333
34,157,5,-65.833333,43.5
34,158,1,-65.666667,43.666667
34,158,2,-65.513758,43.608172
34,158,3,-65.51602,43.496772
34,158,4,-65.5,43.463981
34,158,5,-65.5,43.333333
34,158,6,-65.666667,43.333333
34,158,7,-65.666667,43.666667
34,159,1,-65.5,43.463981
34,159,2,-65.436172,43.333333
34,159,3,-65.5,43.333333
34,159,4,-65.5,43.463981
34,167,1,-67.100548,43.166667
34,167,2,-67.166667,43.302306
34,167,3,-67.166667,43.333333
34,167,4,-67,43.333333
34,167,5,-67,43.166667
34,167,6,-67.100548,43.166667
34,168,1,-67,43.333333
34,168,2,-66.833333,43.333333
34,168,3,-66.833333,43.166667
34,168,4,-67,43.166667
34,168,5,-67,43.333333
34,169,1,-66.833333,43.333333
34,169,2,-66.666667,43.333333
34,169,3,-66.666667,43.166667
34,169,4,-66.833333,43.166667
34,169,5,-66.833333,43.333333
34,170,1,-66.666667,43.333333
34,170,2,-66.5,43.333333
34,170,3,-66.5,43.166667
34,170,4,-66.666667,43.166667
34,170,5,-66.666667,43.333333
34,171,1,-66.5,43.333333
34,171,2,-66.333333,43.333333
34,171,3,-66.333333,43.166667
34,171,4,-66.5,43.166667
34,171,5,-66.5,43.333333
34,172,1,-66.333333,43.333333
34,172,2,-66.166667,43.333333
34,172,3,-66.166667,43.166667
34,172,4,-66.333333,43.166667
34,172,5,-66.333333,43.333333
34,173,1,-66.166667,43.333333
34,173,2,-66,43.333333
34,173,3,-66,43.166667
34,173,4,-66.166667,43.166667
34,173,5,-66.166667,43.333333
34,174,1,-66,43.333333
34,174,2,-65.833333,43.333333
34,174,3,-65.833333,43.166667
34,174,4,-66,43.166667
34,174,5,-66,43.333333
34,175,1,-65.833333,43.333333
34,175,2,-65.666667,43.333333
34,175,3,-65.666667,43.166667
34,175,4,-65.833333,43.166667
34,175,5,-65.833333,43.333333
34,176,1,-65.666667,43.333333
34,176,2,-65.5,43.333333
34,176,3,-65.5,43.166667
34,176,4,-65.666667,43.166667
34,176,5,-65.666667,43.333333
34,177,1,-65.5,43.333333
34,177,2,-65.436172,43.333333
34,177,3,-65.354747,43.166667
34,177,4,-65.5,43.166667
34,177,5,-65.5,43.333333
34,185,1,-67,43.018469
34,185,2,-67.066069,43.095937
34,185,3,-67.100548,43.166667
34,185,4,-67,43.166667
34,185,5,-67,43.018469
34,186,1,-66.984248,43
34,186,2,-67,43.018469
34,186,3,-67,43.166667
34,186,4,-66.833333,43.166667
34,186,5,-66.833333,43
34,186,6,-66.984248,43
34,187,1,-66.833333,43.166667
34,187,2,-66.666667,43.166667
34,187,3,-66.666667,43
34,187,4,-66.833333,43
34,187,5,-66.833333,43.166667
34,188,1,-66.666667,43.166667
34,188,2,-66.5,43.166667
34,188,3,-66.5,43
34,188,4,-66.666667,43
34,188,5,-66.666667,43.166667
34,189,1,-66.5,43.166667
34,189,2,-66.333333,43.166667
34,189,3,-66.333333,43
34,189,4,-66.5,43
34,189,5,-66.5,43.166667
34,190,1,-66.333333,43.166667
34,190,2,-66.166667,43.166667
34,190,3,-66.166667,43
34,190,4,-66.333333,43
34,190,5,-66.333333,43.166667
34,191,1,-66.166667,43.166667
34,191,2,-66,43.166667
34,191,3,-66,43
34,191,4,-66.166667,43
34,191,5,-66.166667,43.166667
34,192,1,-66,43.166667
34,192,2,-65.833333,43.166667
34,192,3,-65.833333,43
34,192,4,-66,43
34,192,5,-66,43.166667
34,193,1,-65.833333,43.166667
34,193,2,-65.666667,43.166667
34,193,3,-65.666667,43
34,193,4,-65.833333,43
34,193,5,-65.833333,43.166667
34,194,1,-65.666667,43.166667
34,194,2,-65.5,43.166667
34,194,3,-65.5,43
34,194,4,-65.666667,43
34,194,5,-65.666667,43.166667
34,195,1,-65.5,43.166667
34,195,2,-65.354747,43.166667
34,195,3,-65.333333,43.122835
34,195,4,-65.333333,43
34,195,5,-65.5,43
34,195,6,-65.5,43.166667
34,196,1,-65.333333,43.122835
34,196,2,-65.273322,43
34,196,3,-65.333333,43
34,196,4,-65.333333,43.122835
34,204,1,-66.984248,43
34,204,2,-66.833333,43
34,204,3,-66.833333,42.823048
34,204,4,-66.984248,43
34,205,1,-66.833333,43
34,205,2,-66.666667,43
34,205,3,-66.666667,42.833333
34,205,4,-66.833333,42.833333
34,205,5,-66.833333,43
34,206,1,-66.666667,43
34,206,2,-66.5,43
34,206,3,-66.499379,42.916777
34,206,4,-66.499377,42.833333
34,206,5,-66.666667,42.833333
34,206,6,-66.666667,43
34,207,1,-66.5,43
34,207,2,-66.333333,43
34,207,3,-66.333333,42.916778
34,207,4,-66.499379,42.916777
34,207,5,-66.5,43
34,208,1,-66.333333,42.916778
34,208,2,-66.333333,43
34,208,3,-66.166667,43
34,208,4,-66.166667,42.916779
34,208,5,-66.333333,42.916778
34,209,1,-66.166667,42.916779
34,209,2,-66.166667,43
34,209,3,-66,43
34,209,4,-66,42.91678
34,209,5,-66.166667,42.916779
34,210,1,-66,42.91678
34,210,2,-66,43
34,210,3,-65.833333,43
34,210,4,-65.833333,42.916781
34,210,5,-66,42.91678
34,211,1,-65.833333,42.916781
34,211,2,-65.833333,43
34,211,3,-65.666667,43
34,211,4,-65.666667,42.916782
34,211,5,-65.833333,42.916781
34,212,1,-65.666667,42.916782
34,212,2,-65.666667,43
34,212,3,-65.5,43
34,212,4,-65.5,42.916782
34,212,5,-65.666667,42.916782
34,213,1,-65.5,42.916782
34,213,2,-65.5,43
34,213,3,-65.333333,43
34,213,4,-65.333333,42.916783
34,213,5,-65.5,42.916782
34,214,1,-65.273322,43
34,214,2,-65.232666,42.916784
34,214,3,-65.333333,42.916783
34,214,4,-65.333333,43
34,214,5,-65.273322,43
34,223,1,-66.666667,42.733776
34,223,2,-66.832722,42.822332
34,223,3,-66.833333,42.823048
34,223,4,-66.833333,42.833333
34,223,5,-66.666667,42.833333
34,223,6,-66.666667,42.733776
34,224,1,-66.499377,42.833333
34,224,2,-66.499374,42.644559
34,224,3,-66.666667,42.733776
34,224,4,-66.666667,42.833333
34,224,5,-66.499377,42.833333
35,1,1,-64.833333,46
35,1,2,-64.166667,46
35,1,3,-64.166667,45.666667
35,1,4,-64.833333,45.666667
35,1,5,-64.833333,46
35,2,1,-65,45.666667
35,2,2,-64.833333,45.666667
35,2,3,-64.833333,45.5
35,2,4,-65,45.5
35,2,5,-65,45.666667
35,3,1,-64.833333,45.666667
35,3,2,-64.5,45.666667
35,3,3,-64.5,45.5
35,3,4,-64.833333,45.5
35,3,5,-64.833333,45.666667
35,6,1,-65.113052,45.333333
35,6,2,-65.049365,45.43341
35,6,3,-65.083812,45.526464
35,6,4,-65.166667,45.666667
35,6,5,-65,45.666667
35,6,6,-65,45.333333
35,6,7,-65.113052,45.333333
35,7,1,-65,45.5
35,7,2,-64.833333,45.5
35,7,3,-64.833333,45.426544
35,7,4,-64.936253,45.333333
35,7,5,-65,45.333333
35,7,6,-65,45.5
35,11,1,-65.365787,45.166667
35,11,2,-65.333333,45.180219
35,11,3,-65.333333,45.166667
35,11,4,-65.365787,45.166667
35,12,1,-65.333333,45.180219
35,12,2,-65.166667,45.249814
35,12,3,-65.166667,45.166667
35,12,4,-65.333333,45.166667
35,12,5,-65.333333,45.180219
35,13,1,-65.166667,45.249814
35,13,2,-65.166033,45.250079
35,13,3,-65.113052,45.333333
35,13,4,-65,45.333333
35,13,5,-65,45.166667
35,13,6,-65.166667,45.166667
35,13,7,-65.166667,45.249814
35,14,1,-65,45.333333
35,14,2,-64.936253,45.333333
35,14,3,-64.833333,45.426544
35,14,4,-64.833333,45.166667
35,14,5,-65,45.166667
35,14,6,-65,45.333333
35,15,1,-64.833333,45.426544
35,15,2,-64.666667,45.426544
35,15,3,-64.666667,45.166667
35,15,4,-64.833333,45.166667
35,15,5,-64.833333,45.426544
35,16,1,-64.666667,45.426544
35,16,2,-64.5,45.426544
35,16,3,-64.5,45.166667
35,16,4,-64.666667,45.166667
35,16,5,-64.666667,45.426544
35,17,1,-64.5,45.426544
35,17,2,-64.333333,45.426544
35,17,3,-64.333333,45
35,17,4,-64.5,45
35,17,5,-64.5,45.426544
35,18,1,-64.333333,45.426544
35,18,2,-64.166667,45.426544
35,18,3,-64.166667,45
35,18,4,-64.333333,45
35,18,5,-64.333333,45.426544
35,19,1,-64.166667,45.426544
35,19,2,-64,45.426544
35,19,3,-64,45
35,19,4,-64.166667,45
35,19,5,-64.166667,45.426544
35,20,1,-64,45.426544
35,20,2,-63.333333,45.426544
35,20,3,-63.333333,45.166667
35,20,4,-64,45.166667
35,20,5,-64,45.426544
35,32,1,-65.764918,45
35,32,2,-65.666667,45.041027
35,32,3,-65.666667,45
35,32,4,-65.764918,45
35,33,1,-65.666667,45.041027
35,33,2,-65.5,45.110623
35,33,3,-65.5,45
35,33,4,-65.666667,45
35,33,5,-65.666667,45.041027
35,34,1,-65.5,45.110623
35,34,2,-65.365787,45.166667
35,34,3,-65.333333,45.166667
35,34,4,-65.333333,45
35,34,5,-65.5,45
35,34,6,-65.5,45.110623
35,35,1,-65.333333,45.166667
35,35,2,-65.166667,45.166667
35,35,3,-65.166667,45
35,35,4,-65.333333,45
35,35,5,-65.333333,45.166667
35,36,1,-65.166667,45.166667
35,36,2,-64.666667,45.166667
35,36,3,-64.666667,45
35,36,4,-65.166667,45
35,36,5,-65.166667,45.166667
35,44,1,-65.924382,44.933412
35,44,2,-65.833333,44.971432
35,44,3,-65.833333,44.833333
35,44,4,-65.914381,44.833333
35,44,5,-65.924382,44.933412
35,45,1,-65.833333,44.971432
35,45,2,-65.764918,45
35,45,3,-65.666667,45
35,45,4,-65.666667,44.833333
35,45,5,-65.833333,44.833333
35,45,6,-65.833333,44.971432
35,46,1,-65.666667,45
35,46,2,-65.5,45
35,46,3,-65.5,44.833333
35,46,4,-65.666667,44.833333
35,46,5,-65.666667,45
35,47,1,-65.5,45
35,47,2,-65.166667,45
35,47,3,-65.166667,44.833333
35,47,4,-65.5,44.833333
35,47,5,-65.5,45
35,55,1,-65.914381,44.833333
35,55,2,-65.833333,44.833333
35,55,3,-65.833333,44.601434
35,55,4,-65.893821,44.627584
35,55,5,-65.914381,44.833333
35,56,1,-65.833333,44.833333
35,56,2,-65.5,44.833333
35,56,3,-65.5,44.813695
35,56,4,-65.833333,44.645187
35,56,5,-65.833333,44.833333
35,57,1,-65.833333,44.645187
35,57,2,-65.5,44.813695
35,57,3,-65.5,44.697626
35,57,4,-65.833333,44.5
35,57,5,-65.833333,44.645187
36,4,1,-65.5,45.5
36,4,2,-65.333333,45.5
36,4,3,-65.333333,45.333333
36,4,4,-65.5,45.333333
36,4,5,-65.5,45.5
36,5,1,-65.333333,45.666667
36,5,2,-65.166667,45.666667
36,5,3,-65.166667,45.333333
36,5,4,-65.333333,45.333333
36,5,5,-65.333333,45.666667
36,6,1,-65.166667,45.666667
36,6,2,-65.083812,45.526464
36,6,3,-65.049365,45.43341
36,6,4,-65.113052,45.333333
36,6,5,-65.166667,45.333333
36,6,6,-65.166667,45.666667
36,8,1,-66.166667,45.333333
36,8,2,-66,45.333333
36,8,3,-66,45.166667
36,8,4,-66.166667,45.166667
36,8,5,-66.166667,45.333333
36,9,1,-65.833333,45.333333
36,9,2,-65.666667,45.333333
36,9,3,-65.666667,45.166667
36,9,4,-65.833333,45.166667
36,9,5,-65.833333,45.333333
36,10,1,-65.666667,45.333333
36,10,2,-65.5,45.5
36,10,3,-65.5,45.166667
36,10,4,-65.666667,45.166667
36,10,5,-65.666667,45.333333
36,11,1,-65.5,45.333333
36,11,2,-65.333333,45.333333
36,11,3,-65.333333,45.180219
36,11,4,-65.365787,45.166667
36,11,5,-65.5,45.166667
36,11,6,-65.5,45.333333
36,12,1,-65.333333,45.333333
36,12,2,-65.166667,45.333333
36,12,3,-65.166667,45.249814
36,12,4,-65.333333,45.180219
36,12,5,-65.333333,45.333333
36,13,1,-65.166667,45.333333
36,13,2,-65.113052,45.333333
36,13,3,-65.166033,45.250079
36,13,4,-65.166667,45.249814
36,13,5,-65.166667,45.333333
36,25,1,-67.333333,45.333333
36,25,2,-66.833333,45.333333
36,25,3,-66.833333,45
36,25,4,-67.333333,45
36,25,5,-67.333333,45.333333
36,26,1,-66.833333,45.166667
36,26,2,-66.666667,45.166667
36,26,3,-66.666667,45
36,26,4,-66.833333,45
36,26,5,-66.833333,45.166667
36,27,1,-66.666667,45.166667
36,27,2,-66.5,45.166667
36,27,3,-66.5,45
36,27,4,-66.666667,45
36,27,5,-66.666667,45.166667
36,28,1,-66.5,45.333333
36,28,2,-66.333333,45.333333
36,28,3,-66.333333,45
36,28,4,-66.5,45
36,28,5,-66.5,45.333333
36,29,1,-66.333333,45.333333
36,29,2,-66.166667,45.333333
36,29,3,-66.166667,45
36,29,4,-66.333333,45
36,29,5,-66.333333,45.333333
36,30,1,-66.166667,45.166667
36,30,2,-66,45.166667
36,30,3,-66,45
36,30,4,-66.166667,45
36,30,5,-66.166667,45.166667
36,31,1,-66,45.333333
36,31,2,-65.833333,45.333333
36,31,3,-65.833333,45
36,31,4,-66,45
36,31,5,-66,45.333333
36,32,1,-65.833333,45.166667
36,32,2,-65.666667,45.166667
36,32,3,-65.666667,45.041027
36,32,4,-65.764918,45
36,32,5,-65.833333,45
36,32,6,-65.833333,45.166667
36,33,1,-65.666667,45.166667
36,33,2,-65.5,45.166667
36,33,3,-65.5,45.110623
36,33,4,-65.666667,45.041027
36,33,5,-65.666667,45.166667
36,34,1,-65.5,45.166667
36,34,2,-65.365787,45.166667
36,34,3,-65.5,45.110623
36,34,4,-65.5,45.166667
36,37,1,-67.333333,45
36,37,2,-67,45
36,37,3,-67,44.833333
36,37,4,-67.333333,44.833333
36,37,5,-67.333333,45
36,38,1,-67,45
36,38,2,-66.833333,45
36,38,3,-66.833333,44.845773
36,38,4,-66.845246,44.833411
36,38,5,-67,44.833333
36,38,6,-67,45
36,39,1,-66.833333,44.845773
36,39,2,-66.833333,45
36,39,3,-66.666667,45
36,39,4,-66.666667,44.93341
36,39,5,-66.749407,44.93341
36,39,6,-66.833333,44.845773
36,40,1,-66.5,44.93341
36,40,2,-66.666667,44.93341
36,40,3,-66.666667,45
36,40,4,-66.5,45
36,40,5,-66.5,44.93341
36,41,1,-66.5,45
36,41,2,-66.333333,45
36,41,3,-66.333333,44.93341
36,41,4,-66.5,44.93341
36,41,5,-66.5,45
36,42,1,-66.333333,45
36,42,2,-66.166667,45
36,42,3,-66.166667,44.847901
36,42,4,-66.207721,44.833412
36,42,5,-66.207721,44.833412
36,42,6,-66.266058,44.93341
36,42,7,-66.333333,44.93341
36,42,8,-66.333333,45
36,43,1,-66.166667,45
36,43,2,-66,45
36,43,3,-66,44.906724
36,43,4,-66.166667,44.847901
36,43,5,-66.166667,45
36,44,1,-66,45
36,44,2,-65.833333,45
36,44,3,-65.833333,44.971432
36,44,4,-65.924382,44.933412
36,44,5,-66,44.906724
36,44,6,-66,45
36,45,1,-65.833333,45
36,45,2,-65.764918,45
36,45,3,-65.833333,44.971432
36,45,4,-65.833333,45
36,49,1,-66.959047,44.743684
36,49,2,-67,44.803668
36,49,3,-67,44.833333
36,49,4,-66.845246,44.833411
36,49,5,-66.902544,44.776566
36,49,6,-66.959047,44.743684
37,38,1,-66.833333,44.845773
37,38,2,-66.833333,44.833411
37,38,3,-66.845246,44.833411
37,38,4,-66.833333,44.845773
37,39,1,-66.666667,44.833411
37,39,2,-66.833333,44.833411
37,39,3,-66.833333,44.845773
37,39,4,-66.749407,44.93341
37,39,5,-66.666667,44.93341
37,39,6,-66.666667,44.833411
37,40,1,-66.666667,44.833411
37,40,2,-66.666667,44.93341
37,40,3,-66.5,44.93341
37,40,4,-66.5,44.833412
37,40,5,-66.501036,44.833412
37,40,6,-66.666667,44.833411
37,41,1,-66.5,44.833412
37,41,2,-66.5,44.93341
37,41,3,-66.333333,44.93341
37,41,4,-66.333333,44.833412
37,41,5,-66.33375,44.833412
37,41,6,-66.5,44.833412
37,42,1,-66.333333,44.833412
37,42,2,-66.333333,44.93341
37,42,3,-66.266058,44.93341
37,42,4,-66.207721,44.833412
37,42,5,-66.333333,44.833412
38,75,1,-67.166667,44.5
38,75,2,-67,44.5
38,75,3,-67,44.333333
38,75,4,-67.166667,44.333333
38,75,5,-67.166667,44.5
38,87,1,-67.166667,44.333333
38,87,2,-67,44.333333
38,87,3,-67,44.166667
38,87,4,-67.166667,44.166667
38,87,5,-67.166667,44.333333
38,63,1,-67,44.666667
38,63,2,-66.833333,44.666667
38,63,3,-66.833333,44.5
38,63,4,-67,44.5
38,63,5,-67,44.666667
38,76,1,-67,44.5
38,76,2,-66.833333,44.5
38,76,3,-66.833333,44.333333
38,76,4,-67,44.333333
38,76,5,-67,44.5
38,50,1,-66.833333,44.833411
38,50,2,-66.666667,44.833411
38,50,3,-66.666667,44.666667
38,50,4,-66.833333,44.666667
38,50,5,-66.833333,44.833411
38,64,1,-66.833333,44.666667
38,64,2,-66.666667,44.666667
38,64,3,-66.666667,44.5
38,64,4,-66.833333,44.5
38,64,5,-66.833333,44.666667
38,51,1,-66.666667,44.833411
38,51,2,-66.5,44.833412
38,51,3,-66.5,44.666667
38,51,4,-66.666667,44.666667
38,51,5,-66.666667,44.833411
38,65,1,-66.666667,44.666667
38,65,2,-66.5,44.666667
38,65,3,-66.5,44.5
38,65,4,-66.666667,44.5
38,65,5,-66.666667,44.666667
38,52,1,-66.5,44.833412
38,52,2,-66.333333,44.833412
38,52,3,-66.333333,44.666667
38,52,4,-66.5,44.666667
38,52,5,-66.5,44.833412
38,62,1,-67.166667,44.597746
38,62,2,-67.162147,44.601231
38,62,3,-67.154296,44.607017
38,62,4,-67.14627,44.612682
38,62,5,-67.138061,44.618221
38,62,6,-67.129676,44.623639
38,62,7,-67.121116,44.628922
38,62,8,-67.112387,44.634072
38,62,9,-67.103499,44.639089
38,62,10,-67.09445,44.643971
38,62,11,-67.085241,44.648709
38,62,12,-67.075888,44.65331
38,62,13,-67.066389,44.657762
38,62,14,-67.058759,44.661183
38,62,15,-67.049483,44.666667
38,62,16,-67,44.666667
38,62,17,-67,44.5
38,62,18,-67.166667,44.5
38,62,19,-67.166667,44.597746
38,61,1,-67.256627,44.5
38,61,2,-67.25551,44.501832
38,61,3,-67.25081,44.509084
38,61,4,-67.245881,44.516259
38,61,5,-67.240723,44.523354
38,61,6,-67.235337,44.530373
38,61,7,-67.229737,44.5373
38,61,8,-67.223915,44.544144
38,61,9,-67.21788,44.550896
38,61,10,-67.211632,44.557552
38,61,11,-67.20517,44.56411
38,61,12,-67.198494,44.570568
38,61,13,-67.19162,44.576919
38,61,14,-67.184548,44.583164
38,61,15,-67.177277,44.589302
38,61,16,-67.169807,44.595325
38,61,17,-67.166667,44.597746
38,61,18,-67.166667,44.5
38,61,19,-67.256627,44.5
38,74,1,-67.256627,44.5
38,74,2,-67.166667,44.5
38,74,3,-67.166667,44.333333
38,74,4,-67.298061,44.333333
38,74,5,-67.298515,44.338664
38,74,6,-67.298942,44.346648
38,74,7,-67.299117,44.354632
38,74,8,-67.29905,44.362617
38,74,9,-67.298729,44.370596
38,74,10,-67.298157,44.378565
38,74,11,-67.297333,44.386522
38,74,12,-67.296265,44.394464
38,74,13,-67.294945,44.402388
38,74,14,-67.293381,44.410284
38,74,15,-67.291558,44.418154
38,74,16,-67.289498,44.425989
38,74,17,-67.287186,44.433794
38,74,18,-67.28463,44.441556
38,74,19,-67.28183,44.449277
38,74,20,-67.278786,44.456956
38,74,21,-67.275499,44.464578
38,74,22,-67.271974,44.47215
38,74,23,-67.268213,44.479665
38,74,24,-67.264215,44.487119
38,74,25,-67.259973,44.494512
38,74,26,-67.256627,44.5
38,86,1,-67.284364,44.166667
38,86,2,-67.269985,44.207269
38,86,3,-67.268902,44.210248
38,86,4,-67.273717,44.227471
38,86,5,-67.281157,44.261231
38,86,6,-67.283499,44.267555
38,86,7,-67.286146,44.275349
38,86,8,-67.288557,44.283176
38,86,9,-67.290716,44.291035
38,86,10,-67.292631,44.298924
38,86,11,-67.294311,44.306834
38,86,12,-67.29573,44.314769
38,86,13,-67.296905,44.322722
38,86,14,-67.297836,44.330688
38,86,15,-67.298061,44.333333
38,86,16,-67.166667,44.333333
38,86,17,-67.166667,44.166667
38,86,18,-67.284364,44.166667
38,49,1,-67,44.700918
38,49,2,-67,44.666667
38,49,3,-66.833333,44.666667
38,49,4,-66.833333,44.833411
38,49,5,-66.845246,44.833411
38,49,6,-66.902544,44.776566
38,49,7,-66.959047,44.743684
38,49,8,-67,44.700918
38,48,1,-67,44.700918
38,48,2,-67,44.666667
38,48,3,-67.049483,44.666667
38,48,4,-67.011029,44.689401
38,48,5,-67,44.700918
38,53,1,-66.333333,44.833412
38,53,2,-66.207721,44.833412
38,53,3,-66.333333,44.670121
38,53,4,-66.333333,44.833412
38,66,1,-66.5,44.666667
38,66,2,-66.33599,44.666667
38,66,3,-66.457726,44.508415
38,66,4,-66.469866,44.5
38,66,5,-66.5,44.479111
38,66,6,-66.5,44.666667
38,78,1,-66.5,44.5
38,78,2,-66.5,44.479111
38,78,3,-66.666667,44.363581
38,78,4,-66.666667,44.5
38,78,5,-66.5,44.5
38,77,1,-66.833333,44.5
38,77,2,-66.666667,44.5
38,77,3,-66.666667,44.363581
38,77,4,-66.710303,44.333333
38,77,5,-66.833333,44.333333
38,77,6,-66.833333,44.5
38,89,1,-66.833333,44.333333
38,89,2,-66.710303,44.333333
38,89,3,-66.833333,44.248051
38,89,4,-66.833333,44.333333
38,88,1,-67,44.333333
38,88,2,-66.833333,44.333333
38,88,3,-66.833333,44.248051
38,88,4,-66.950739,44.166667
38,88,5,-67,44.166667
38,88,6,-67,44.333333
38,99,1,-67,44.166667
38,99,2,-66.950739,44.166667
38,99,3,-67,44.13252
38,99,4,-67,44.166667
38,98,1,-67.166667,44.016989
38,98,2,-67.166667,44.166667
38,98,3,-67,44.166667
38,98,4,-67,44.13252
38,98,5,-67.000001,44.132519
38,98,6,-67.166667,44.016989
38,97,1,-67.333333,44.028396
38,97,2,-67.284364,44.166667
38,97,3,-67.166667,44.166667
38,97,4,-67.166667,44.016989
38,97,5,-67.191048,44.000089
38,97,6,-67.333333,44
38,97,7,-67.333333,44.028396
38,108,1,-67.333333,44
38,108,2,-67.333333,43.901459
38,108,3,-67.191048,44.000089
38,108,4,-67.333333,44
38,107,1,-67.333333,44.028396
38,107,2,-67.333333,43.901459
38,107,3,-67.399424,43.855646
38,107,4,-67.333333,44.028396
40,201,1,-65.21666667,42.58333333
40,201,2,-65.21666667,42.35
40,201,3,-66.225,42.35
40,201,4,-66.35,42.38694444
40,201,5,-66.5,42.40416667
40,201,6,-66.5,42.64444444
40,201,7,-66.5,42.91666667
40,201,8,-65.21666667,42.91666667
40,201,9,-65.23333333,42.91666667
41,1,1,-67.416091,43.81398
41,1,2,-67.74248,42.887326
41,1,3,-67.353895,42.38
41,1,4,-67.18,42.38
41,1,5,-67.2039,43.38
41,2,1,-66.92,41.89
41,2,2,-66.162785,41.000143
41,2,3,-65.999325,41.000144
41,2,4,-65.999328,41.166809
41,2,5,-65.832655,41.166809
41,2,6,-65.832658,41.333473
41,2,7,-65.665986,41.333473
41,2,8,-65.66599,41.500138
41,2,9,-65.499317,41.500139
41,2,10,-65.49932,41.666803
41,2,11,-65.332647,41.666804
41,2,12,-65.332651,41.833467
41,2,13,-65.499323,41.833466
41,2,14,-65.499326,41.89
41,3,1,-67.353895,42.38
41,3,2,-66.92,41.89
41,3,3,-65.665999,41.89
41,3,4,-65.666002,42.166794
41,3,5,-65.832674,42.166793
41,3,6,-65.832013,42.350122
41,3,7,-66.224359,42.350121
41,3,8,-66.349364,42.387064
41,3,9,-66.49937,42.404286
41,4,1,-65.832013,42.350122
41,4,2,-65.832674,42.166793
41,4,3,-65.666002,42.166794
41,4,5,-65.6659,41.89
41,4,6,-65.499323,41.89
41,4,7,-65.499323,41.833466
41,4,8,-65.332651,41.833467
41,4,9,-65.165978,41.833468
41,4,10,-65.165981,42.000132
41,4,11,-64.999309,42.000133
41,4,12,-64.999312,42.166797
41,4,13,-64.332622,42.166801
41,4,14,-64.332625,42.333464
41,4,15,-63.99928,42.333465
41,4,16,-63.999283,42.50013
41,4,17,-63.83261,42.500131
41,4,18,-63.83254,43.293243
41,4,19,-65.215994,42.583455
41,4,20,-65.21599,42.350126
41,5,1,-67.2039,43.38
41,5,2,-67.18,42.38
41,5,3,-66.499371,42.404286
41,5,4,-66.499374,42.644558
41,5,5,-66.832722,42.822332
41,5,6,-67.07,43.1
