<metadata xml:lang="en"><Esri><CreaDate>20170511</CreaDate><CreaTime>09550300</CreaTime><ArcGISFormat>1.0</ArcGISFormat><SyncOnce>FALSE</SyncOnce><DataProperties><itemProps><itemName Sync="TRUE">AC_1M_BoundaryPolygons</itemName><imsContentType Sync="TRUE">002</imsContentType><itemLocation><linkage Sync="TRUE">file://\\W-BSC-A121798\C$\Users\vdohar\Projects\Atlas\Geogratis Outputs\Data\LG\AC_1M_BoundaryPolygons.shp</linkage><protocol Sync="TRUE">Local Area Network</protocol></itemLocation><itemSize Sync="TRUE">0.000</itemSize></itemProps><coordRef><type Sync="TRUE">Projected</type><geogcsn Sync="TRUE">GCS_North_American_1983</geogcsn><csUnits Sync="TRUE">Linear Unit: Meter (1.000000)</csUnits><projcsn Sync="TRUE">NAD_1983_Canada_Atlas_Lambert</projcsn><peXml Sync="TRUE">&lt;ProjectedCoordinateSystem xsi:type='typens:ProjectedCoordinateSystem' xmlns:xsi='http://www.w3.org/2001/XMLSchema-instance' xmlns:xs='http://www.w3.org/2001/XMLSchema' xmlns:typens='http://www.esri.com/schemas/ArcGIS/10.3'&gt;&lt;WKT&gt;PROJCS[&amp;quot;NAD_1983_Canada_Atlas_Lambert&amp;quot;,GEOGCS[&amp;quot;GCS_North_American_1983&amp;quot;,DATUM[&amp;quot;D_North_American_1983&amp;quot;,SPHEROID[&amp;quot;GRS_1980&amp;quot;,6378137.0,298.257222101]],PRIMEM[&amp;quot;Greenwich&amp;quot;,0.0],UNIT[&amp;quot;Degree&amp;quot;,0.0174532925199433]],PROJECTION[&amp;quot;Lambert_Conformal_Conic&amp;quot;],PARAMETER[&amp;quot;False_Easting&amp;quot;,0.0],PARAMETER[&amp;quot;False_Northing&amp;quot;,0.0],PARAMETER[&amp;quot;Central_Meridian&amp;quot;,-95.0],PARAMETER[&amp;quot;Standard_Parallel_1&amp;quot;,49.0],PARAMETER[&amp;quot;Standard_Parallel_2&amp;quot;,77.0],PARAMETER[&amp;quot;Latitude_Of_Origin&amp;quot;,49.0],UNIT[&amp;quot;Meter&amp;quot;,1.0],AUTHORITY[&amp;quot;EPSG&amp;quot;,3978]]&lt;/WKT&gt;&lt;XOrigin&gt;-34655800&lt;/XOrigin&gt;&lt;YOrigin&gt;-30001600&lt;/YOrigin&gt;&lt;XYScale&gt;129952262.74881823&lt;/XYScale&gt;&lt;ZOrigin&gt;-100000&lt;/ZOrigin&gt;&lt;ZScale&gt;10000&lt;/ZScale&gt;&lt;MOrigin&gt;-100000&lt;/MOrigin&gt;&lt;MScale&gt;10000&lt;/MScale&gt;&lt;XYTolerance&gt;0.001&lt;/XYTolerance&gt;&lt;ZTolerance&gt;0.001&lt;/ZTolerance&gt;&lt;MTolerance&gt;0.001&lt;/MTolerance&gt;&lt;HighPrecision&gt;true&lt;/HighPrecision&gt;&lt;WKID&gt;3978&lt;/WKID&gt;&lt;LatestWKID&gt;3978&lt;/LatestWKID&gt;&lt;/ProjectedCoordinateSystem&gt;</peXml></coordRef><lineage><Process ToolSource="c:\program files (x86)\arcgis\desktop10.3\ArcToolbox\Toolboxes\Analysis Tools.tbx\Select" Date="20170511" Time="095505">Select in_memory\CombinedPolys "C:\Users\vdohar\Projects\Atlas\Geogratis Outputs\Data\LG\AC_1M_BoundaryPolygons.gdb\AC_1M_BoundaryPolygons" "COUNTRY &lt;&gt; -9"</Process><Process ToolSource="c:\program files (x86)\arcgis\desktop10.3\ArcToolbox\Toolboxes\Data Management Tools.tbx\DeleteField" Date="20170511" Time="095512">DeleteField "C:\Users\vdohar\Projects\Atlas\Geogratis Outputs\Data/LG/AC_1M_BoundaryPolygons.gdb\AC_1M_BoundaryPolygons" TYPE;FEATLEVEL;ISLAND_GUID;ISLAND_ID;EDITOR;EDIT_DATE;CREATOR;CREATE_DATE;CGNS;NAME;NOM;NAME_OTHER;ORIG_FID;REVIEW_STATUS</Process><Process ToolSource="c:\program files (x86)\arcgis\desktop10.3\ArcToolbox\Toolboxes\Data Management Tools.tbx\RemoveDomainFromField" Date="20170511" Time="095513">RemoveDomainFromField "C:\Users\vdohar\Projects\Atlas\Geogratis Outputs\Data/LG/AC_1M_BoundaryPolygons.gdb\AC_1M_BoundaryPolygons" POLITICALDIV #</Process><Process ToolSource="c:\program files (x86)\arcgis\desktop10.3\ArcToolbox\Toolboxes\Data Management Tools.tbx\RemoveDomainFromField" Date="20170511" Time="095513">RemoveDomainFromField "C:\Users\vdohar\Projects\Atlas\Geogratis Outputs\Data/LG/AC_1M_BoundaryPolygons.gdb\AC_1M_BoundaryPolygons" COUNTRY #</Process><Process ToolSource="c:\program files (x86)\arcgis\desktop10.3\ArcToolbox\Toolboxes\Data Management Tools.tbx\AddField" Date="20170511" Time="095515">AddField "C:\Users\vdohar\Projects\Atlas\Geogratis Outputs\Data/LG/AC_1M_BoundaryPolygons.gdb/AC_1M_BoundaryPolygons" POL_DIV SHORT # # 2 POL_DIV NULLABLE NON_REQUIRED #</Process><Process ToolSource="c:\program files (x86)\arcgis\desktop10.3\ArcToolbox\Toolboxes\Data Management Tools.tbx\CalculateField" Date="20170511" Time="095517">CalculateField "C:\Users\vdohar\Projects\Atlas\Geogratis Outputs\Data/LG/AC_1M_BoundaryPolygons.gdb/AC_1M_BoundaryPolygons" POL_DIV [POLITICALDIV] VB #</Process><Process ToolSource="c:\program files (x86)\arcgis\desktop10.3\ArcToolbox\Toolboxes\Data Management Tools.tbx\DeleteField" Date="20170511" Time="095518">DeleteField "C:\Users\vdohar\Projects\Atlas\Geogratis Outputs\Data/LG/AC_1M_BoundaryPolygons.gdb/AC_1M_BoundaryPolygons" POLITICALDIV</Process><Process ToolSource="c:\program files (x86)\arcgis\desktop10.3\ArcToolbox\Toolboxes\Data Management Tools.tbx\AssignDomainToField" Date="20170511" Time="095532">AssignDomainToField "C:\Users\vdohar\Projects\Atlas\Geogratis Outputs\Data/LG/AC_1M_BoundaryPolygons.gdb\AC_1M_BoundaryPolygons" SELECTION SelectionLarge #</Process><Process ToolSource="c:\program files (x86)\arcgis\desktop10.3\ArcToolbox\Toolboxes\Data Management Tools.tbx\AssignDomainToField" Date="20170511" Time="095535">AssignDomainToField "C:\Users\vdohar\Projects\Atlas\Geogratis Outputs\Data/LG/AC_1M_BoundaryPolygons.gdb\AC_1M_BoundaryPolygons" POL_DIV PoliticalDiv #</Process><Process ToolSource="c:\program files (x86)\arcgis\desktop10.3\ArcToolbox\Toolboxes\Data Management Tools.tbx\AssignDomainToField" Date="20170511" Time="095537">AssignDomainToField "C:\Users\vdohar\Projects\Atlas\Geogratis Outputs\Data/LG/AC_1M_BoundaryPolygons.gdb\AC_1M_BoundaryPolygons" COUNTRY Country #</Process><Process ToolSource="c:\program files (x86)\arcgis\desktop10.3\ArcToolbox\Toolboxes\Conversion Tools.tbx\FeatureClassToFeatureClass" Date="20170511" Time="095545">FeatureClassToFeatureClass "C:\Users\vdohar\Projects\Atlas\Geogratis Outputs\Data/LG/AC_1M_BoundaryPolygons.gdb/AC_1M_BoundaryPolygons" "C:\Users\vdohar\Projects\Atlas\Geogratis Outputs\Data/LG" AC_1M_BoundaryPolygons.shp # "SELECTION "SELECTION" true true false 2 Short 0 0 ,First,#,C:\Users\vdohar\Projects\Atlas\Geogratis Outputs\Data/LG/AC_1M_BoundaryPolygons.gdb/AC_1M_BoundaryPolygons,SELECTION,-1,-1;COUNTRY "COUNTRY" true true false 2 Short 0 0 ,First,#,C:\Users\vdohar\Projects\Atlas\Geogratis Outputs\Data/LG/AC_1M_BoundaryPolygons.gdb/AC_1M_BoundaryPolygons,COUNTRY,-1,-1;Shape_Leng "Shape_Leng" false true true 8 Double 0 0 ,First,#,C:\Users\vdohar\Projects\Atlas\Geogratis Outputs\Data/LG/AC_1M_BoundaryPolygons.gdb/AC_1M_BoundaryPolygons,Shape_Length,-1,-1;Shape_Area "Shape_Area" false true true 8 Double 0 0 ,First,#,C:\Users\vdohar\Projects\Atlas\Geogratis Outputs\Data/LG/AC_1M_BoundaryPolygons.gdb/AC_1M_BoundaryPolygons,Shape_Area,-1,-1;POL_DIV "POL_DIV" true true false 2 Short 0 0 ,First,#,C:\Users\vdohar\Projects\Atlas\Geogratis Outputs\Data/LG/AC_1M_BoundaryPolygons.gdb/AC_1M_BoundaryPolygons,POL_DIV,-1,-1" #</Process><Process ToolSource="c:\program files (x86)\arcgis\desktop10.3\ArcToolbox\Toolboxes\Data Management Tools.tbx\DeleteField" Date="20170511" Time="095545">DeleteField "C:\Users\vdohar\Projects\Atlas\Geogratis Outputs\Data/LG\AC_1M_BoundaryPolygons.shp" SELECTION;COUNTRY;POL_DIV</Process><Process ToolSource="c:\program files (x86)\arcgis\desktop10.3\ArcToolbox\Toolboxes\Data Management Tools.tbx\AddField" Date="20170511" Time="095545">AddField "C:\Users\vdohar\Projects\Atlas\Geogratis Outputs\Data/LG/AC_1M_BoundaryPolygons.shp" SELECTION TEXT # # 254 SELECTION NON_NULLABLE NON_REQUIRED #</Process><Process ToolSource="c:\program files (x86)\arcgis\desktop10.3\ArcToolbox\Toolboxes\Data Management Tools.tbx\CalculateField" Date="20170511" Time="095547">CalculateField "C:\Users\vdohar\Projects\Atlas\Geogratis Outputs\Data/LG/AC_1M_BoundaryPolygons.shp" SELECTION [d_SELECTIO] VB #</Process><Process ToolSource="c:\program files (x86)\arcgis\desktop10.3\ArcToolbox\Toolboxes\Data Management Tools.tbx\DeleteField" Date="20170511" Time="095548">DeleteField "C:\Users\vdohar\Projects\Atlas\Geogratis Outputs\Data/LG/AC_1M_BoundaryPolygons.shp" d_SELECTIO</Process><Process ToolSource="c:\program files (x86)\arcgis\desktop10.3\ArcToolbox\Toolboxes\Data Management Tools.tbx\AddField" Date="20170511" Time="095548">AddField "C:\Users\vdohar\Projects\Atlas\Geogratis Outputs\Data/LG/AC_1M_BoundaryPolygons.shp" COUNTRY TEXT # # 254 COUNTRY NON_NULLABLE NON_REQUIRED #</Process><Process ToolSource="c:\program files (x86)\arcgis\desktop10.3\ArcToolbox\Toolboxes\Data Management Tools.tbx\CalculateField" Date="20170511" Time="095550">CalculateField "C:\Users\vdohar\Projects\Atlas\Geogratis Outputs\Data/LG/AC_1M_BoundaryPolygons.shp" COUNTRY [d_COUNTRY] VB #</Process><Process ToolSource="c:\program files (x86)\arcgis\desktop10.3\ArcToolbox\Toolboxes\Data Management Tools.tbx\DeleteField" Date="20170511" Time="095550">DeleteField "C:\Users\vdohar\Projects\Atlas\Geogratis Outputs\Data/LG/AC_1M_BoundaryPolygons.shp" d_COUNTRY</Process><Process ToolSource="c:\program files (x86)\arcgis\desktop10.3\ArcToolbox\Toolboxes\Data Management Tools.tbx\AddField" Date="20170511" Time="095550">AddField "C:\Users\vdohar\Projects\Atlas\Geogratis Outputs\Data/LG/AC_1M_BoundaryPolygons.shp" POL_DIV TEXT # # 254 POL_DIV NON_NULLABLE NON_REQUIRED #</Process><Process ToolSource="c:\program files (x86)\arcgis\desktop10.3\ArcToolbox\Toolboxes\Data Management Tools.tbx\CalculateField" Date="20170511" Time="095552">CalculateField "C:\Users\vdohar\Projects\Atlas\Geogratis Outputs\Data/LG/AC_1M_BoundaryPolygons.shp" POL_DIV [d_POL_DIV] VB #</Process><Process ToolSource="c:\program files (x86)\arcgis\desktop10.3\ArcToolbox\Toolboxes\Data Management Tools.tbx\DeleteField" Date="20170511" Time="095553">DeleteField "C:\Users\vdohar\Projects\Atlas\Geogratis Outputs\Data/LG/AC_1M_BoundaryPolygons.shp" d_POL_DIV</Process></lineage></DataProperties><SyncDate>20170511</SyncDate><SyncTime>09554200</SyncTime><ModDate>20170511</ModDate><ModTime>09554200</ModTime></Esri><dataIdInfo><envirDesc Sync="TRUE">Microsoft Windows 7 Version 6.1 (Build 7601) Service Pack 1; Esri ArcGIS 10.3.1.4959</envirDesc><dataLang><languageCode value="eng" Sync="TRUE"></languageCode><countryCode value="CAN" Sync="TRUE"></countryCode></dataLang><idCitation><resTitle Sync="TRUE">AC_1M_BoundaryPolygons</resTitle><presForm><PresFormCd value="005" Sync="TRUE"></PresFormCd></presForm></idCitation><spatRpType><SpatRepTypCd value="001" Sync="TRUE"></SpatRepTypCd></spatRpType></dataIdInfo><mdLang><languageCode value="eng" Sync="TRUE"></languageCode><countryCode value="CAN" Sync="TRUE"></countryCode></mdLang><mdChar><CharSetCd value="004" Sync="TRUE"></CharSetCd></mdChar><distInfo><distFormat><formatName Sync="TRUE">Shapefile</formatName></distFormat><distTranOps><transSize Sync="TRUE">0.000</transSize></distTranOps></distInfo><mdHrLv><ScopeCd value="005" Sync="TRUE"></ScopeCd></mdHrLv><mdHrLvName Sync="TRUE">dataset</mdHrLvName><refSysInfo><RefSystem><refSysID><identCode code="3978" Sync="TRUE"></identCode><idCodeSpace Sync="TRUE">EPSG</idCodeSpace><idVersion Sync="TRUE">8.6.2</idVersion></refSysID></RefSystem></refSysInfo><spatRepInfo><VectSpatRep><geometObjs Name="AC_1M_BoundaryPolygons"><geoObjTyp><GeoObjTypCd value="002" Sync="TRUE"></GeoObjTypCd></geoObjTyp><geoObjCnt Sync="TRUE">0</geoObjCnt></geometObjs><topLvl><TopoLevCd value="001" Sync="TRUE"></TopoLevCd></topLvl></VectSpatRep></spatRepInfo><spdoinfo><ptvctinf><esriterm Name="AC_1M_BoundaryPolygons"><efeatyp Sync="TRUE">Simple</efeatyp><efeageom code="4" Sync="TRUE"></efeageom><esritopo Sync="TRUE">FALSE</esritopo><efeacnt Sync="TRUE">0</efeacnt><spindex Sync="TRUE">FALSE</spindex><linrefer Sync="TRUE">FALSE</linrefer></esriterm></ptvctinf></spdoinfo><eainfo><detailed Name="AC_1M_BoundaryPolygons"><enttyp><enttypl Sync="TRUE">AC_1M_BoundaryPolygons</enttypl><enttypt Sync="TRUE">Feature Class</enttypt><enttypc Sync="TRUE">0</enttypc></enttyp><attr><attrlabl Sync="TRUE">FID</attrlabl><attalias Sync="TRUE">FID</attalias><attrtype Sync="TRUE">OID</attrtype><attwidth Sync="TRUE">4</attwidth><atprecis Sync="TRUE">0</atprecis><attscale Sync="TRUE">0</attscale><attrdef Sync="TRUE">Internal feature number.</attrdef><attrdefs Sync="TRUE">Esri</attrdefs><attrdomv><udom Sync="TRUE">Sequential unique whole numbers that are automatically generated.</udom></attrdomv></attr><attr><attrlabl Sync="TRUE">Shape</attrlabl><attalias Sync="TRUE">Shape</attalias><attrtype Sync="TRUE">Geometry</attrtype><attwidth Sync="TRUE">0</attwidth><atprecis Sync="TRUE">0</atprecis><attscale Sync="TRUE">0</attscale><attrdef Sync="TRUE">Feature geometry.</attrdef><attrdefs Sync="TRUE">Esri</attrdefs><attrdomv><udom Sync="TRUE">Coordinates defining the features.</udom></attrdomv></attr><attr><attrlabl Sync="TRUE">SELECTION</attrlabl><attalias Sync="TRUE">SELECTION</attalias><attrtype Sync="TRUE">SmallInteger</attrtype><attwidth Sync="TRUE">5</attwidth><atprecis Sync="TRUE">5</atprecis><attscale Sync="TRUE">0</attscale></attr><attr><attrlabl Sync="TRUE">COUNTRY</attrlabl><attalias Sync="TRUE">COUNTRY</attalias><attrtype Sync="TRUE">SmallInteger</attrtype><attwidth Sync="TRUE">5</attwidth><atprecis Sync="TRUE">5</atprecis><attscale Sync="TRUE">0</attscale></attr><attr><attrlabl Sync="TRUE">Shape_Leng</attrlabl><attalias Sync="TRUE">Shape_Leng</attalias><attrtype Sync="TRUE">Double</attrtype><attwidth Sync="TRUE">19</attwidth><atprecis Sync="TRUE">0</atprecis><attscale Sync="TRUE">0</attscale></attr><attr><attrlabl Sync="TRUE">Shape_Area</attrlabl><attalias Sync="TRUE">Shape_Area</attalias><attrtype Sync="TRUE">Double</attrtype><attwidth Sync="TRUE">19</attwidth><atprecis Sync="TRUE">0</atprecis><attscale Sync="TRUE">0</attscale><attrdef Sync="TRUE">Area of feature in internal units squared.</attrdef><attrdefs Sync="TRUE">Esri</attrdefs><attrdomv><udom Sync="TRUE">Positive real numbers that are automatically generated.</udom></attrdomv></attr><attr><attrlabl Sync="TRUE">POL_DIV</attrlabl><attalias Sync="TRUE">POL_DIV</attalias><attrtype Sync="TRUE">SmallInteger</attrtype><attwidth Sync="TRUE">5</attwidth><atprecis Sync="TRUE">5</atprecis><attscale Sync="TRUE">0</attscale></attr><attr><attrlabl Sync="TRUE">d_SELECTIO</attrlabl><attalias Sync="TRUE">d_SELECTIO</attalias><attrtype Sync="TRUE">String</attrtype><attwidth Sync="TRUE">254</attwidth><atprecis Sync="TRUE">0</atprecis><attscale Sync="TRUE">0</attscale></attr><attr><attrlabl Sync="TRUE">d_COUNTRY</attrlabl><attalias Sync="TRUE">d_COUNTRY</attalias><attrtype Sync="TRUE">String</attrtype><attwidth Sync="TRUE">254</attwidth><atprecis Sync="TRUE">0</atprecis><attscale Sync="TRUE">0</attscale></attr><attr><attrlabl Sync="TRUE">d_POL_DIV</attrlabl><attalias Sync="TRUE">d_POL_DIV</attalias><attrtype Sync="TRUE">String</attrtype><attwidth Sync="TRUE">254</attwidth><atprecis Sync="TRUE">0</atprecis><attscale Sync="TRUE">0</attscale></attr></detailed></eainfo><mdDateSt Sync="TRUE">20170511</mdDateSt></metadata>
